temporada,competicao,rodada_comp,data,local,time,adversario,placar,posicao_campo,minuto,placar_pos_gol,tipo,jogador_assistente
04/05,LaLiga,34,01/05/2005,H,FC Barcelona,Albacete Balompie,02:00,CF,90+1,02:00,Left-footed shot,Ronaldinho Gaucho
05/06,UEFA Champions League,Group Stage,02/11/2005,H,FC Barcelona,Panathinaikos Athens,05:00,RW,34,03:00,Left-footed shot,
05/06,LaLiga,13,27/11/2005,H,FC Barcelona,Racing Santander,04:01,RW,51,02:00,Left-footed shot,Samuel Etoo
05/06,LaLiga,19,15/01/2006,H,FC Barcelona,Athletic Bilbao,02:01,RW,50,02:01,Left-footed shot,Mark van Bommel
05/06,LaLiga,20,22/01/2006,H,FC Barcelona,Deportivo Alaves,02:00,CF,82,02:00,Left-footed shot,Ronaldinho Gaucho
05/06,LaLiga,21,29/01/2006,A,FC Barcelona,RCD Mallorca,00:03,CF,75,00:02,Right-footed shot,Sylvinho
05/06,LaLiga,21,29/01/2006,A,FC Barcelona,RCD Mallorca,00:03,CF,83,00:03,Left-footed shot,Ronaldinho Gaucho
05/06,Copa del Rey,Quarter-Finals,01/02/2006,H,FC Barcelona,Real Zaragoza,02:01,CF,42,01:00,Header,Ludovic Giuly
05/06,LaLiga,24,18/02/2006,H,FC Barcelona,Real Betis Balompie,05:01,RW,84,05:01,Left-footed shot,
06/07,LaLiga,1,28/08/2006,A,FC Barcelona,Celta de Vigo,02:03,LW,59,01:02,Left-footed shot,Andres Iniesta
06/07,LaLiga,2,09/09/2006,H,FC Barcelona,CA Osasuna,03:00,RW,36,03:00,Left-footed shot,Samuel Etoo
06/07,UEFA Champions League,Group Stage,27/09/2006,A,FC Barcelona,SV Werder Bremen,01:01,RW,89,01:01,Left-footed shot,Deco
06/07,LaLiga,6,15/10/2006,H,FC Barcelona,Sevilla FC,03:01,RW,80,03:01,Right-footed shot,Xavi
06/07,LaLiga,26,10/03/2007,H,FC Barcelona,Real Madrid,03:03,RW,11,01:01,Left-footed shot,Samuel Etoo
06/07,LaLiga,26,10/03/2007,H,FC Barcelona,Real Madrid,03:03,RW,28,02:02,Left-footed shot,
06/07,LaLiga,26,10/03/2007,H,FC Barcelona,Real Madrid,03:03,RW,90+1,03:03,Left-footed shot,Ronaldinho Gaucho
06/07,LaLiga,27,17/03/2007,A,FC Barcelona,Recreativo Huelva,00:04,RW,86,00:04,Left-footed shot,
06/07,LaLiga,28,31/03/2007,H,FC Barcelona,Deportivo de La Coruaa,02:01,RW,45,01:00,Left-footed shot,Ronaldinho Gaucho
06/07,Copa del Rey,Semi-Finals,18/04/2007,H,FC Barcelona,Getafe CF,05:02,RW,29,02:00,Solo run,Xavi
06/07,Copa del Rey,Semi-Finals,18/04/2007,H,FC Barcelona,Getafe CF,05:02,RW,45,03:00,Left-footed shot,Deco
06/07,LaLiga,35,20/05/2007,A,FC Barcelona,Atletico de Madrid,00:06,RW,39,00:01,Left-footed shot,Samuel Etoo
06/07,LaLiga,35,20/05/2007,A,FC Barcelona,Atletico de Madrid,00:06,RW,80,00:05,Left-footed shot,Giovanni van Bronckhorst
06/07,LaLiga,37,09/06/2007,H,FC Barcelona,RCD Espanyol Barcelona,02:02,RW,43,01:01,,Gianluca Zambrotta
06/07,LaLiga,37,09/06/2007,H,FC Barcelona,RCD Espanyol Barcelona,02:02,RW,57,02:01,Right-footed shot,Deco
06/07,LaLiga,38,17/06/2007,A,FC Barcelona,Gimnastic de Tarragona,01:05,RW,34,00:02,Left-footed shot,Deco
06/07,LaLiga,38,17/06/2007,A,FC Barcelona,Gimnastic de Tarragona,01:05,RW,51,00:04,Left-footed shot,Deco
07/08,UEFA Champions League,Group Stage,19/09/2007,H,FC Barcelona,Olympique Lyon,03:00,RW,82,02:00,Left-footed shot,Andres Iniesta
07/08,LaLiga,4,22/09/2007,H,FC Barcelona,Sevilla FC,02:01,RW,72,01:00,Left-footed shot,Thierry Henry
07/08,LaLiga,4,22/09/2007,H,FC Barcelona,Sevilla FC,02:01,RW,79,02:00,Penalty,
07/08,LaLiga,5,26/09/2007,H,FC Barcelona,Real Zaragoza,04:01,RW,5,01:00,Left-footed shot,Thierry Henry
07/08,LaLiga,5,26/09/2007,H,FC Barcelona,Real Zaragoza,04:01,RW,10,02:01,Left-footed shot,Deco
07/08,LaLiga,6,29/09/2007,A,FC Barcelona,Levante UD,01:04,RW,50,00:04,Left-footed shot,Deco
07/08,UEFA Champions League,Group Stage,02/10/2007,A,FC Barcelona,VfB Stuttgart,00:02,RW,66,00:02,Deflected shot on goal,Thierry Henry
07/08,LaLiga,7,07/10/2007,H,FC Barcelona,Atletico de Madrid,03:00,RW,19,02:00,Left-footed shot,Ronaldinho Gaucho
07/08,LaLiga,9,28/10/2007,H,FC Barcelona,UD Almera,02:00,RW,80,02:00,Penalty,
07/08,UEFA Champions League,Group Stage,07/11/2007,H,FC Barcelona,Rangers FC,02:00,RW,41,02:00,Left-footed shot,Ronaldinho Gaucho
07/08,LaLiga,13,24/11/2007,H,FC Barcelona,Recreativo Huelva,03:00,RW,81,03:00,Penalty,
07/08,UEFA Champions League,Group Stage,27/11/2007,A,FC Barcelona,Olympique Lyon,02:02,RW,58,01:02,Penalty,
07/08,UEFA Champions League,last 16,20/02/2008,A,FC Barcelona,Celtic FC,02:03,RW,18,01:01,Left-footed shot,Deco
07/08,UEFA Champions League,last 16,20/02/2008,A,FC Barcelona,Celtic FC,02:03,RW,79,02:03,Left-footed shot,
07/08,LaLiga,25,24/02/2008,H,FC Barcelona,Levante UD,05:01,RW,44,02:01,Left-footed shot,Xavi
07/08,LaLiga,35,04/05/2008,H,FC Barcelona,Valencia CF,06:00,RW,5,01:00,Penalty,
08/09,LaLiga,2,13/09/2008,H,FC Barcelona,Racing Santander,01:01,RW,70,01:00,Penalty,
08/09,LaLiga,3,21/09/2008,A,FC Barcelona,Sporting GijÃ³n,01:06,RW,85,01:05,Left-footed shot,Andres Iniesta
08/09,LaLiga,3,21/09/2008,A,FC Barcelona,Sporting GijÃ³n,01:06,RW,89,01:06,Header,Xavi
08/09,LaLiga,5,27/09/2008,A,FC Barcelona,RCD Espanyol Barcelona,01:02,RW,90,01:02,Penalty,
08/09,UEFA Champions League,Group Stage,01/10/2008,A,FC Barcelona,Shakhtar Donetsk,01:02,RW,87,01:01,Right-footed shot,Bojan Krkic
08/09,UEFA Champions League,Group Stage,01/10/2008,A,FC Barcelona,Shakhtar Donetsk,01:02,RW,90+2,01:02,Left-footed shot,Xavi
08/09,LaLiga,6,04/10/2008,H,FC Barcelona,Atletico de Madrid,06:01,RW,8,03:00,Direct free kick,
08/09,UEFA Champions League,Group Stage,22/10/2008,A,FC Barcelona,FC Basel 1893,00:05,CF,4,00:01,Left-footed shot,Dani Alves
08/09,LaLiga,9,01/11/2008,A,FC Barcelona,Malaga CF,01:04,RW,19,01:02,Left-footed shot,
08/09,UEFA Champions League,Group Stage,04/11/2008,H,FC Barcelona,FC Basel 1893,01:01,RW,61,01:00,Left-footed shot,Thierry Henry
08/09,Copa del Rey,Fifth Round,12/11/2008,H,FC Barcelona,Benidorm CD,01:00,RW,86,01:00,Penalty rebound,
08/09,LaLiga,11,16/11/2008,A,FC Barcelona,Recreativo Huelva,00:02,RW,51,00:01,Left-footed shot,Xavi
08/09,UEFA Champions League,Group Stage,26/11/2008,A,FC Barcelona,Sporting CP,02:05,RW,49,00:03,Left-footed shot,Dani Alves
08/09,LaLiga,13,29/11/2008,A,FC Barcelona,Sevilla FC,00:03,RW,78,00:02,Left-footed shot,Xavi
08/09,LaLiga,13,29/11/2008,A,FC Barcelona,Sevilla FC,00:03,RW,90+2,00:03,Left-footed shot,Aleksandr Hleb
08/09,LaLiga,15,13/12/2008,H,FC Barcelona,Real Madrid,02:00,RW,89,02:00,Counter attack goal,Thierry Henry
08/09,Copa del Rey,Round of 16,06/01/2009,A,FC Barcelona,Atletico de Madrid,01:03,RW,11,00:01,Left-footed shot,Dani Alves
08/09,Copa del Rey,Round of 16,06/01/2009,A,FC Barcelona,Atletico de Madrid,01:03,RW,57,00:02,Penalty,
08/09,Copa del Rey,Round of 16,06/01/2009,A,FC Barcelona,Atletico de Madrid,01:03,RW,79,01:03,Right-footed shot,Andres Iniesta
08/09,LaLiga,18,11/01/2009,A,FC Barcelona,CA Osasuna,02:03,RW,84,02:03,Left-footed shot,Dani Alves
08/09,LaLiga,19,17/01/2009,H,FC Barcelona,Deportivo de La Coruaa,05:00,RW,21,01:00,Left-footed shot,
08/09,LaLiga,20,24/01/2009,H,FC Barcelona,CD Numancia,04:01,RW,49,01:00,Left-footed shot,Dani Alves
08/09,LaLiga,20,24/01/2009,H,FC Barcelona,CD Numancia,04:01,RW,76,04:01,Right-footed shot,
08/09,LaLiga,21,01/02/2009,A,FC Barcelona,Racing Santander,01:02,RW,65,01:01,Right-footed shot,Xavi
08/09,LaLiga,21,01/02/2009,A,FC Barcelona,Racing Santander,01:02,RW,81,01:02,Right-footed shot,
08/09,LaLiga,25,01/03/2009,A,FC Barcelona,Atletico de Madrid,04:03,RW,30,00:02,Left-footed shot,
08/09,Copa del Rey,Semi-Finals,04/03/2009,A,FC Barcelona,RCD Mallorca,01:01,RW,81,01:01,Left-footed shot,Gerard Pique
08/09,LaLiga,26,07/03/2009,H,FC Barcelona,Athletic Bilbao,02:00,RW,31,02:00,Penalty,
08/09,UEFA Champions League,last 16,11/03/2009,H,FC Barcelona,Olympique Lyon,05:02,RW,40,03:00,Left-footed shot,Samuel Etoo
08/09,LaLiga,28,22/03/2009,H,FC Barcelona,Malaga CF,06:00,RW,26,02:00,Right-footed shot,Xavi
08/09,UEFA Champions League,Quarter-Finals,08/04/2009,H,FC Barcelona,Bayern Munich,04:00,RW,9,01:00,Left-footed shot,Samuel Etoo
08/09,UEFA Champions League,Quarter-Finals,08/04/2009,H,FC Barcelona,Bayern Munich,04:00,RW,38,03:00,Right-footed shot,Thierry Henry
08/09,LaLiga,31,18/04/2009,A,FC Barcelona,Getafe CF,00:01,RW,18,00:01,Left-footed shot,Xavi
08/09,LaLiga,33,25/04/2009,A,FC Barcelona,Valencia CF,02:02,RW,23,00:01,Left-footed shot,Andres Iniesta
08/09,LaLiga,34,02/05/2009,A,FC Barcelona,Real Madrid,02:06,CF,35,01:03,Left-footed shot,Xavi
08/09,LaLiga,34,02/05/2009,A,FC Barcelona,Real Madrid,02:06,CF,75,02:05,Left-footed shot,Xavi
08/09,Copa del Rey,Final,13/05/2009,H,FC Barcelona,Athletic Bilbao,04:01,RW,55,02:01,Left-footed shot,Samuel Etoo
08/09,UEFA Champions League,Final,27/05/2009,H,FC Barcelona,Manchester United,02:00,CF,70,02:00,Header,Xavi
09/10,Supercopa,final,23/08/2009,H,FC Barcelona,Athletic Bilbao,03:00,RW,50,01:00,Right-footed shot,Zlatan Ibrahimovic
09/10,Supercopa,final,23/08/2009,H,FC Barcelona,Athletic Bilbao,03:00,RW,68,02:00,Penalty,
09/10,LaLiga,2,12/09/2009,A,FC Barcelona,Getafe CF,00:02,RW,78,00:02,Header,Zlatan Ibrahimovic
09/10,LaLiga,3,19/09/2009,H,FC Barcelona,Atletico de Madrid,05:02,RW,15,02:00,Left-footed shot,Xavi
09/10,LaLiga,3,19/09/2009,H,FC Barcelona,Atletico de Madrid,05:02,RW,90+3,05:02,Right-footed shot,Dani Alves
09/10,LaLiga,4,22/09/2009,A,FC Barcelona,Racing Santander,01:04,RW,23,00:02,Left-footed shot,Xavi
09/10,LaLiga,4,22/09/2009,A,FC Barcelona,Racing Santander,01:04,RW,63,00:04,Left-footed shot,Xavi
09/10,UEFA Champions League,Group Stage,29/09/2009,H,FC Barcelona,Dynamo Kyiv,02:00,RW,25,01:00,Left-footed shot,Andres Iniesta
09/10,LaLiga,8,25/10/2009,H,FC Barcelona,Real Zaragoza,06:01,RW,80,05:01,Left-footed shot,Andres Iniesta
09/10,LaLiga,10,07/11/2009,H,FC Barcelona,RCD Mallorca,04:02,RW,86,04:01,Penalty,
09/10,Copa del Rey,5th round,10/11/2009,H,FC Barcelona,Cultural Leonesa,05:00,RW,64,04:00,Left-footed shot,Pedro
09/10,LaLiga,13,05/12/2009,A,FC Barcelona,Deportivo de La Coruaa,01:03,RW,26,00:01,Left-footed shot,Dani Alves
09/10,LaLiga,13,05/12/2009,A,FC Barcelona,Deportivo de La Coruaa,01:03,RW,80,01:02,Header,Pedro
09/10,UEFA Champions League,Group Stage,09/12/2009,A,FC Barcelona,Dynamo Kyiv,01:02,RW,86,01:02,Direct free kick,
09/10,FIFA Club World Cup,Semi-Finals,16/12/2009,A,FC Barcelona,CF Atlante,01:03,RW,55,01:02,Left-footed shot,Zlatan Ibrahimovic
09/10,FIFA Club World Cup,Final,19/12/2009,A,FC Barcelona,Club Estudiantes de La Plata,1:2 AET,RW,110,01:02,Chest,Dani Alves
09/10,LaLiga,17,10/01/2010,A,FC Barcelona,CD Tenerife,00:05,RW,36,00:01,Left-footed shot,Bojan Krkic
09/10,LaLiga,17,10/01/2010,A,FC Barcelona,CD Tenerife,00:05,RW,45,00:03,Right-footed shot,Bojan Krkic
09/10,LaLiga,17,10/01/2010,A,FC Barcelona,CD Tenerife,00:05,RW,75,00:04,Left-footed shot,Bojan Krkic
09/10,LaLiga,18,16/01/2010,H,FC Barcelona,Sevilla FC,04:00,RW,85,03:00,Left-footed shot,Dani Alves
09/10,LaLiga,18,16/01/2010,H,FC Barcelona,Sevilla FC,04:00,RW,90+1,04:00,Left-footed shot,Eric Abidal
09/10,LaLiga,19,23/01/2010,A,FC Barcelona,Real Valladolid CF,00:03,RW,54,00:03,Left-footed shot,Zlatan Ibrahimovic
09/10,LaLiga,21,06/02/2010,H,FC Barcelona,Getafe CF,02:01,RW,7,01:00,Left-footed shot,Yaya Toure
09/10,LaLiga,24,27/02/2010,H,FC Barcelona,Malaga CF,02:01,RW,84,02:01,Right-footed shot,Dani Alves
09/10,LaLiga,25,06/03/2010,A,FC Barcelona,UD Almera,02:02,RW,42,01:01,Direct free kick,
09/10,LaLiga,25,06/03/2010,A,FC Barcelona,UD Almera,02:02,RW,66,02:02,Left-footed shot,
09/10,LaLiga,26,14/03/2010,H,FC Barcelona,Valencia CF,03:00,CF,56,01:00,Left-footed shot,Xavi
09/10,LaLiga,26,14/03/2010,H,FC Barcelona,Valencia CF,03:00,CF,80,02:00,Left-footed shot,Thierry Henry
09/10,LaLiga,26,14/03/2010,H,FC Barcelona,Valencia CF,03:00,CF,82,03:00,Right-footed shot,Thierry Henry
09/10,UEFA Champions League,last 16,17/03/2010,H,FC Barcelona,VfB Stuttgart,04:00,CF,13,01:00,Left-footed shot,Yaya Toure
09/10,UEFA Champions League,last 16,17/03/2010,H,FC Barcelona,VfB Stuttgart,04:00,CF,56,03:00,Left-footed shot,Dani Alves
09/10,LaLiga,27,21/03/2010,A,FC Barcelona,Real Zaragoza,02:04,RW,4,00:01,Header,Pedro
09/10,LaLiga,27,21/03/2010,A,FC Barcelona,Real Zaragoza,02:04,RW,65,00:02,Left-footed shot,
09/10,LaLiga,27,21/03/2010,A,FC Barcelona,Real Zaragoza,02:04,RW,78,00:03,Left-footed shot,Andres Iniesta
09/10,LaLiga,30,03/04/2010,H,FC Barcelona,Athletic Bilbao,04:01,CF,67,04:00,Left-footed shot,Pedro
09/10,UEFA Champions League,Quarter-Finals,06/04/2010,H,FC Barcelona,Arsenal FC,04:01,CF,21,01:01,Left-footed shot,
09/10,UEFA Champions League,Quarter-Finals,06/04/2010,H,FC Barcelona,Arsenal FC,04:01,CF,37,02:01,Right-footed shot,Pedro
09/10,UEFA Champions League,Quarter-Finals,06/04/2010,H,FC Barcelona,Arsenal FC,04:01,CF,42,03:01,Left-footed shot,Seydou Keita
09/10,UEFA Champions League,Quarter-Finals,06/04/2010,H,FC Barcelona,Arsenal FC,04:01,CF,88,04:01,Left-footed shot,Xavi
09/10,LaLiga,31,10/04/2010,A,FC Barcelona,Real Madrid,00:02,CF,32,00:01,Right-footed shot,Xavi
09/10,LaLiga,35,01/05/2010,A,FC Barcelona,Villarreal CF,01:04,RW,18,00:01,Left-footed shot,Xavi
09/10,LaLiga,35,01/05/2010,A,FC Barcelona,Villarreal CF,01:04,RW,87,01:04,Left-footed shot,Dani Alves
09/10,LaLiga,36,04/05/2010,H,FC Barcelona,CD Tenerife,04:01,RW,16,01:00,Right-footed shot,Zlatan Ibrahimovic
09/10,LaLiga,36,04/05/2010,H,FC Barcelona,CD Tenerife,04:01,RW,90+3,04:01,Right-footed shot,Dani Alves
09/10,LaLiga,37,08/05/2010,A,FC Barcelona,Sevilla FC,02:03,RW,5,00:01,Left-footed shot,Maxwell
09/10,LaLiga,38,16/05/2010,H,FC Barcelona,Real Valladolid CF,04:00,RW,61,03:00,Right-footed shot,Yaya Toure
09/10,LaLiga,38,16/05/2010,H,FC Barcelona,Real Valladolid CF,04:00,RW,74,04:00,Left-footed shot,Yaya Toure
10/11,Supercopa,final,21/08/2010,H,FC Barcelona,Sevilla FC,04:00,RW,25,02:00,Left-footed shot,Xavi
10/11,Supercopa,final,21/08/2010,H,FC Barcelona,Sevilla FC,04:00,RW,43,03:00,Right-footed shot,Dani Alves
10/11,Supercopa,final,21/08/2010,H,FC Barcelona,Sevilla FC,04:00,RW,90+1,04:00,Left-footed shot,Andres Iniesta
10/11,LaLiga,1,29/08/2010,A,FC Barcelona,Racing Santander,00:03,RW,3,00:01,Left-footed shot,Andres Iniesta
10/11,UEFA Champions League,Group Stage,14/09/2010,H,FC Barcelona,Panathinaikos Athens,05:01,CF,22,01:01,Left-footed shot,Xavi
10/11,UEFA Champions League,Group Stage,14/09/2010,H,FC Barcelona,Panathinaikos Athens,05:01,CF,45,03:01,Left-footed shot,Pedro
10/11,LaLiga,3,19/09/2010,A,FC Barcelona,Atletico de Madrid,01:02,CF,12,00:01,Left-footed shot,Pedro
10/11,LaLiga,6,03/10/2010,H,FC Barcelona,RCD Mallorca,01:01,CF,20,01:00,Left-footed shot,Pedro
10/11,UEFA Champions League,Group Stage,20/10/2010,H,FC Barcelona,FC Copenhagen,02:00,CF,18,01:00,Left-footed shot,Andres Iniesta
10/11,UEFA Champions League,Group Stage,20/10/2010,H,FC Barcelona,FC Copenhagen,02:00,CF,90+1,02:00,Left-footed shot,Eric Abidal
10/11,LaLiga,8,23/10/2010,A,FC Barcelona,Real Zaragoza,00:02,CF,41,00:01,Left-footed shot,David Villa
10/11,LaLiga,8,23/10/2010,A,FC Barcelona,Real Zaragoza,00:02,CF,65,00:02,Left-footed shot,
10/11,LaLiga,9,30/10/2010,H,FC Barcelona,Sevilla FC,05:00,RW,4,01:00,Left-footed shot,
10/11,LaLiga,9,30/10/2010,H,FC Barcelona,Sevilla FC,05:00,RW,63,04:00,Left-footed shot,
10/11,UEFA Champions League,Group Stage,02/11/2010,A,FC Barcelona,FC Copenhagen,01:01,CF,31,00:01,Right-footed shot,
10/11,LaLiga,10,07/11/2010,A,FC Barcelona,Getafe CF,01:03,CF,23,00:01,Left-footed shot,David Villa
10/11,Copa del Rey,4th round,10/11/2010,H,FC Barcelona,Club Atletico de Ceuta,05:01,RW,67,05:01,Left-footed shot,Thiago
10/11,LaLiga,11,13/11/2010,H,FC Barcelona,Villarreal CF,03:01,CF,58,02:01,Right-footed shot,Pedro
10/11,LaLiga,11,13/11/2010,H,FC Barcelona,Villarreal CF,03:01,CF,83,03:01,Left-footed shot,Pedro
10/11,LaLiga,12,20/11/2010,A,FC Barcelona,UD Almera,00:08,CF,16,00:01,Left-footed shot,David Villa
10/11,LaLiga,12,20/11/2010,A,FC Barcelona,UD Almera,00:08,CF,36,00:05,Tap-in,
10/11,LaLiga,12,20/11/2010,A,FC Barcelona,UD Almera,00:08,CF,67,00:07,Tap-in,David Villa
10/11,UEFA Champions League,Group Stage,24/11/2010,A,FC Barcelona,Panathinaikos Athens,00:03,CF,63,00:02,Left-footed shot,Adriano
10/11,LaLiga,14,04/12/2010,A,FC Barcelona,CA Osasuna,00:03,CF,64,00:02,Left-footed shot,David Villa
10/11,LaLiga,14,04/12/2010,A,FC Barcelona,CA Osasuna,00:03,CF,82,00:03,Penalty,
10/11,LaLiga,15,12/12/2010,H,FC Barcelona,Real Sociedad,05:00,CF,46,03:00,Left-footed shot,Dani Alves
10/11,LaLiga,15,12/12/2010,H,FC Barcelona,Real Sociedad,05:00,CF,86,04:00,Left-footed shot,Bojan Krkic
10/11,LaLiga,18,08/01/2011,A,FC Barcelona,Deportivo de La Coruaa,00:04,CF,51,00:02,Direct free kick,
10/11,Copa del Rey,Quarter-Finals,12/01/2011,H,FC Barcelona,Real Betis Balompie,05:00,CF,44,01:00,Left-footed shot,Andres Iniesta
10/11,Copa del Rey,Quarter-Finals,12/01/2011,H,FC Barcelona,Real Betis Balompie,05:00,CF,63,02:00,Left-footed shot,
10/11,Copa del Rey,Quarter-Finals,12/01/2011,H,FC Barcelona,Real Betis Balompie,05:00,CF,73,03:00,Left-footed shot,Xavi
10/11,Copa del Rey,Quarter-Finals,19/01/2011,A,FC Barcelona,Real Betis Balompie,03:01,RW,37,02:01,Left-footed shot,Xavi
10/11,LaLiga,20,22/01/2011,H,FC Barcelona,Racing Santander,03:00,CF,33,02:00,Penalty,
10/11,Copa del Rey,Semi-Finals,26/01/2011,H,FC Barcelona,UD Almera,05:00,CF,9,01:00,Left-footed shot,Pedro
10/11,Copa del Rey,Semi-Finals,26/01/2011,H,FC Barcelona,UD Almera,05:00,CF,15,03:00,Left-footed shot,Andres Iniesta
10/11,LaLiga,21,29/01/2011,A,FC Barcelona,Hercules CF,00:03,CF,87,00:02,Left-footed shot,Dani Alves
10/11,LaLiga,21,29/01/2011,A,FC Barcelona,Hercules CF,00:03,CF,89,00:03,Left-footed shot,Dani Alves
10/11,LaLiga,22,05/02/2011,H,FC Barcelona,Atletico de Madrid,03:00,CF,16,01:00,Left-footed shot,Dani Alves
10/11,LaLiga,22,05/02/2011,H,FC Barcelona,Atletico de Madrid,03:00,CF,28,02:00,Left-footed shot,Pedro
10/11,LaLiga,22,05/02/2011,H,FC Barcelona,Atletico de Madrid,03:00,CF,78,03:00,Left-footed shot,David Villa
10/11,LaLiga,24,20/02/2011,H,FC Barcelona,Athletic Bilbao,02:01,CF,78,02:01,Right-footed shot,Dani Alves
10/11,LaLiga,25,26/02/2011,A,FC Barcelona,RCD Mallorca,00:03,CF,38,00:01,Header,Seydou Keita
10/11,LaLiga,26,02/03/2011,A,FC Barcelona,Valencia CF,00:01,CF,77,00:01,Left-footed shot,Adriano
10/11,UEFA Champions League,last 16,08/03/2011,H,FC Barcelona,Arsenal FC,03:01,RW,49,01:00,Left-footed shot,Andres Iniesta
10/11,UEFA Champions League,last 16,08/03/2011,H,FC Barcelona,Arsenal FC,03:01,RW,72,03:01,Penalty,
10/11,LaLiga,31,09/04/2011,H,FC Barcelona,UD Almera,03:01,CF,52,01:01,Penalty,
10/11,LaLiga,31,09/04/2011,H,FC Barcelona,UD Almera,03:01,CF,90+1,03:01,Left-footed shot,Seydou Keita
10/11,UEFA Champions League,Quarter-Finals,12/04/2011,A,FC Barcelona,Shakhtar Donetsk,00:01,CF,42,00:01,Left-footed shot,Dani Alves
10/11,LaLiga,32,16/04/2011,A,FC Barcelona,Real Madrid,01:01,CF,53,00:01,Penalty,
10/11,LaLiga,33,23/04/2011,H,FC Barcelona,CA Osasuna,02:00,CF,87,02:00,Right-footed shot,Dani Alves
10/11,UEFA Champions League,Semi-Finals,27/04/2011,A,FC Barcelona,Real Madrid,00:02,CF,76,00:01,Left-footed shot,Ibrahim Afellay
10/11,UEFA Champions League,Semi-Finals,27/04/2011,A,FC Barcelona,Real Madrid,00:02,CF,87,00:02,Solo run,Sergio Busquets
10/11,UEFA Champions League,Final,28/05/2011,H,FC Barcelona,Manchester United,03:01,CF,54,02:01,Left-footed shot,Andres Iniesta
11-Dec,Supercopa,final,14/08/2011,A,FC Barcelona,Real Madrid,02:02,CF,45,01:02,Left-footed shot,Thiago
11-Dec,Supercopa,final,17/08/2011,H,FC Barcelona,Real Madrid,03:02,CF,44,02:01,Right-footed shot,Gerard Pique
11-Dec,Supercopa,final,17/08/2011,H,FC Barcelona,Real Madrid,03:02,CF,88,03:02,Left-footed shot,Adriano
11-Dec,UEFA Super Cup,Final,26/08/2011,H,FC Barcelona,FC Porto,02:00,CF,39,01:00,Left-footed shot,
11-Dec,LaLiga,2,29/08/2011,H,FC Barcelona,Villarreal CF,05:00,CF,51,04:00,Right-footed shot,Andres Iniesta
11-Dec,LaLiga,2,29/08/2011,H,FC Barcelona,Villarreal CF,05:00,CF,74,05:00,Left-footed shot,Thiago
11-Dec,LaLiga,4,17/09/2011,H,FC Barcelona,CA Osasuna,08:00,CF,5,01:00,Left-footed shot,Dani Alves
11-Dec,LaLiga,4,17/09/2011,H,FC Barcelona,CA Osasuna,08:00,CF,41,05:00,Left-footed shot,Cesc Fabregas
11-Dec,LaLiga,4,17/09/2011,H,FC Barcelona,CA Osasuna,08:00,CF,79,08:00,Left-footed shot,Cesc Fabregas
11-Dec,LaLiga,6,24/09/2011,H,FC Barcelona,Atletico de Madrid,05:00,CF,26,03:00,Left-footed shot,Pedro
11-Dec,LaLiga,6,24/09/2011,H,FC Barcelona,Atletico de Madrid,05:00,CF,78,04:00,Left-footed shot,Dani Alves
11-Dec,LaLiga,6,24/09/2011,H,FC Barcelona,Atletico de Madrid,05:00,CF,90+1,05:00,Left-footed shot,David Villa
11-Dec,UEFA Champions League,Group Stage,28/09/2011,A,FC Barcelona,BATE Borisov,00:05,CF,38,00:03,Header,
11-Dec,UEFA Champions League,Group Stage,28/09/2011,A,FC Barcelona,BATE Borisov,00:05,CF,56,00:04,Left-footed shot,Dani Alves
11-Dec,LaLiga,8,15/10/2011,H,FC Barcelona,Racing Santander,03:00,CF,11,01:00,Right-footed shot,Andres Iniesta
11-Dec,LaLiga,8,15/10/2011,H,FC Barcelona,Racing Santander,03:00,CF,69,03:00,Right-footed shot,
11-Dec,LaLiga,11,29/10/2011,H,FC Barcelona,RCD Mallorca,05:00,CF,13,01:00,Penalty,
11-Dec,LaLiga,11,29/10/2011,H,FC Barcelona,RCD Mallorca,05:00,CF,21,02:00,Right-footed shot,Adriano
11-Dec,LaLiga,11,29/10/2011,H,FC Barcelona,RCD Mallorca,05:00,CF,30,03:00,Left-footed shot,Dani Alves
11-Dec,UEFA Champions League,Group Stage,01/11/2011,A,FC Barcelona,FC Viktoria Plzen,00:04,CF,24,00:01,Penalty,
11-Dec,UEFA Champions League,Group Stage,01/11/2011,A,FC Barcelona,FC Viktoria Plzen,00:04,CF,45+2,00:02,Left-footed shot,Adriano
11-Dec,UEFA Champions League,Group Stage,01/11/2011,A,FC Barcelona,FC Viktoria Plzen,00:04,CF,90+2,00:04,Left-footed shot,Gerard Pique
11-Dec,LaLiga,12,06/11/2011,A,FC Barcelona,Athletic Bilbao,02:02,CF,90,02:02,Left-footed shot,
11-Dec,LaLiga,13,19/11/2011,H,FC Barcelona,Real Zaragoza,04:00,CF,43,02:00,Right-footed shot,Cesc Fabregas
11-Dec,UEFA Champions League,Group Stage,23/11/2011,A,FC Barcelona,AC Milan,02:03,SS,31,01:02,Penalty,
11-Dec,LaLiga,17,29/11/2011,H,FC Barcelona,Rayo Vallecano,04:00,CF,49,04:00,Left-footed shot,Dani Alves
11-Dec,LaLiga,15,03/12/2011,H,FC Barcelona,Levante UD,05:00,CF,55,04:00,Left-footed shot,Dani Alves
11-Dec,FIFA Club World Cup,Final,18/12/2011,A,FC Barcelona,Santos FC,00:04,RW,17,00:01,Left-footed shot,Xavi
11-Dec,FIFA Club World Cup,Final,18/12/2011,A,FC Barcelona,Santos FC,00:04,RW,82,00:04,Left-footed shot,Dani Alves
11-Dec,Copa del Rey,last 16,04/01/2012,H,FC Barcelona,CA Osasuna,04:00,CF,71,03:00,Header,Cesc Fabregas
11-Dec,Copa del Rey,last 16,04/01/2012,H,FC Barcelona,CA Osasuna,04:00,CF,90,04:00,Left-footed shot,Xavi
11-Dec,LaLiga,19,15/01/2012,H,FC Barcelona,Real Betis Balompie,04:02,CF,12,02:00,Right-footed shot,Alexis Sanchez
11-Dec,LaLiga,19,15/01/2012,H,FC Barcelona,Real Betis Balompie,04:02,CF,86,04:02,Penalty,
11-Dec,LaLiga,1,22/01/2012,A,FC Barcelona,Malaga CF,01:04,CF,32,00:01,Header,Adriano
11-Dec,LaLiga,1,22/01/2012,A,FC Barcelona,Malaga CF,01:04,CF,51,00:03,Left-footed shot,Thiago
11-Dec,LaLiga,1,22/01/2012,A,FC Barcelona,Malaga CF,01:04,CF,77,00:04,Left-footed shot,Pedro
11-Dec,LaLiga,22,04/02/2012,H,FC Barcelona,Real Sociedad,02:01,CF,72,02:00,Left-footed shot,Dani Alves
11-Dec,UEFA Champions League,last 16,14/02/2012,A,FC Barcelona,Bayer 04 Leverkusen,01:03,CF,88,01:03,Left-footed shot,Dani Alves
11-Dec,LaLiga,24,19/02/2012,H,FC Barcelona,Valencia CF,05:01,CF,21,01:01,Left-footed shot,
11-Dec,LaLiga,24,19/02/2012,H,FC Barcelona,Valencia CF,05:01,CF,27,02:01,Tap-in,
11-Dec,LaLiga,24,19/02/2012,H,FC Barcelona,Valencia CF,05:01,CF,75,03:01,Left-footed shot,Cristian Tello
11-Dec,LaLiga,24,19/02/2012,H,FC Barcelona,Valencia CF,05:01,CF,84,04:01,Left-footed shot,Sergio Busquets
11-Dec,LaLiga,25,26/02/2012,A,FC Barcelona,Atletico de Madrid,01:02,CF,79,01:02,Direct free kick,
11-Dec,UEFA Champions League,last 16,07/03/2012,H,FC Barcelona,Bayer 04 Leverkusen,07:01,CF,25,01:00,Left-footed shot,Xavi
11-Dec,UEFA Champions League,last 16,07/03/2012,H,FC Barcelona,Bayer 04 Leverkusen,07:01,CF,42,02:00,Left-footed shot,Andres Iniesta
11-Dec,UEFA Champions League,last 16,07/03/2012,H,FC Barcelona,Bayer 04 Leverkusen,07:01,CF,50,03:00,Right-footed shot,Cesc Fabregas
11-Dec,UEFA Champions League,last 16,07/03/2012,H,FC Barcelona,Bayer 04 Leverkusen,07:01,CF,58,05:00,Left-footed shot,
11-Dec,UEFA Champions League,last 16,07/03/2012,H,FC Barcelona,Bayer 04 Leverkusen,07:01,CF,85,07:00,Left-footed shot,Seydou Keita
11-Dec,LaLiga,27,11/03/2012,A,FC Barcelona,Racing Santander,00:02,CF,28,00:01,Left-footed shot,Cesc Fabregas
11-Dec,LaLiga,27,11/03/2012,A,FC Barcelona,Racing Santander,00:02,CF,55,00:02,Penalty,
11-Dec,LaLiga,28,17/03/2012,A,FC Barcelona,Sevilla FC,00:02,CF,25,00:02,Left-footed shot,Andres Iniesta
11-Dec,LaLiga,29,20/03/2012,H,FC Barcelona,Granada CF,05:03,CF,16,02:00,Left-footed shot,Isaac Cuenca
11-Dec,LaLiga,29,20/03/2012,H,FC Barcelona,Granada CF,05:03,CF,66,03:02,Left-footed shot,Dani Alves
11-Dec,LaLiga,29,20/03/2012,H,FC Barcelona,Granada CF,05:03,CF,85,05:02,Left-footed shot,Dani Alves
11-Dec,LaLiga,30,24/03/2012,A,FC Barcelona,RCD Mallorca,00:02,CF,25,00:01,Direct free kick,
11-Dec,LaLiga,31,31/03/2012,H,FC Barcelona,Athletic Bilbao,02:00,CF,57,02:00,Penalty,
11-Dec,UEFA Champions League,Quarter-Finals,03/04/2012,H,FC Barcelona,AC Milan,03:01,RW,11,01:00,Penalty,
11-Dec,UEFA Champions League,Quarter-Finals,03/04/2012,H,FC Barcelona,AC Milan,03:01,RW,42,02:01,Penalty,
11-Dec,LaLiga,32,07/04/2012,A,FC Barcelona,Real Zaragoza,01:04,CF,39,01:02,Left-footed shot,Alexis Sanchez
11-Dec,LaLiga,32,07/04/2012,A,FC Barcelona,Real Zaragoza,01:04,CF,86,01:03,Penalty,
11-Dec,LaLiga,33,10/04/2012,H,FC Barcelona,Getafe CF,04:00,CF,44,02:00,Left-footed shot,Andres Iniesta
11-Dec,LaLiga,34,14/04/2012,A,FC Barcelona,Levante UD,01:02,CF,64,01:01,Left-footed shot,Alexis Sanchez
11-Dec,LaLiga,34,14/04/2012,A,FC Barcelona,Levante UD,01:02,CF,73,01:02,Penalty,
11-Dec,LaLiga,36,29/04/2012,A,FC Barcelona,Rayo Vallecano,00:07,CF,16,00:01,Left-footed shot,Pedro
11-Dec,LaLiga,36,29/04/2012,A,FC Barcelona,Rayo Vallecano,00:07,CF,88,00:07,Left-footed shot,Pedro
11-Dec,LaLiga,20,02/05/2012,H,FC Barcelona,Malaga CF,04:01,CF,34,02:01,Penalty,
11-Dec,LaLiga,20,02/05/2012,H,FC Barcelona,Malaga CF,04:01,CF,60,03:01,Penalty,
11-Dec,LaLiga,20,02/05/2012,H,FC Barcelona,Malaga CF,04:01,CF,63,04:01,Left-footed shot,Andres Iniesta
11-Dec,LaLiga,37,05/05/2012,H,FC Barcelona,RCD Espanyol Barcelona,04:00,CF,11,01:00,Direct free kick,
11-Dec,LaLiga,37,05/05/2012,H,FC Barcelona,RCD Espanyol Barcelona,04:00,CF,63,02:00,Penalty,
11-Dec,LaLiga,37,05/05/2012,H,FC Barcelona,RCD Espanyol Barcelona,04:00,CF,73,03:00,Left-footed shot,Adriano
11-Dec,LaLiga,37,05/05/2012,H,FC Barcelona,RCD Espanyol Barcelona,04:00,CF,78,04:00,Penalty,
11-Dec,Copa del Rey,Final,25/05/2012,H,FC Barcelona,Athletic Bilbao,03:00,CF,20,02:00,Right-footed shot,Andres Iniesta
Dec-13,LaLiga,1,19/08/2012,H,FC Barcelona,Real Sociedad,05:01,CF,10,02:01,Left-footed shot,Pedro
Dec-13,LaLiga,1,19/08/2012,H,FC Barcelona,Real Sociedad,05:01,CF,15,03:01,Left-footed shot,Cristian Tello
Dec-13,Supercopa,final,23/08/2012,H,FC Barcelona,Real Madrid,03:02,CF,60,02:01,Penalty,
Dec-13,LaLiga,2,26/08/2012,A,FC Barcelona,CA Osasuna,01:02,CF,74,01:01,Left-footed shot,Alexis Sanchez
Dec-13,LaLiga,2,26/08/2012,A,FC Barcelona,CA Osasuna,01:02,CF,79,01:02,Left-footed shot,Jordi Alba
Dec-13,Supercopa,final,29/08/2012,A,FC Barcelona,Real Madrid,02:01,CF,45,02:01,Direct free kick,
Dec-13,LaLiga,4,15/09/2012,A,FC Barcelona,Getafe CF,01:04,CF,74,00:02,Penalty,
Dec-13,LaLiga,4,15/09/2012,A,FC Barcelona,Getafe CF,01:04,CF,78,00:03,Left-footed shot,Pedro
Dec-13,UEFA Champions League,Group Stage,19/09/2012,H,FC Barcelona,Spartak Moscow,03:02,CF,71,02:02,Left-footed shot,Cristian Tello
Dec-13,UEFA Champions League,Group Stage,19/09/2012,H,FC Barcelona,Spartak Moscow,03:02,CF,80,03:02,Header,Alexis Sanchez
Dec-13,LaLiga,7,07/10/2012,H,FC Barcelona,Real Madrid,02:02,CF,31,01:01,Left-footed shot,
Dec-13,LaLiga,7,07/10/2012,H,FC Barcelona,Real Madrid,02:02,CF,60,02:01,Direct free kick,
Dec-13,LaLiga,8,20/10/2012,A,FC Barcelona,Deportivo de La Coruaa,04:05,CF,17,00:03,Left-footed shot,Cesc Fabregas
Dec-13,LaLiga,8,20/10/2012,A,FC Barcelona,Deportivo de La Coruaa,04:05,CF,43,02:04,Left-footed shot,Cesc Fabregas
Dec-13,LaLiga,8,20/10/2012,A,FC Barcelona,Deportivo de La Coruaa,04:05,CF,76,03:05,Left-footed shot,Xavi
Dec-13,LaLiga,9,27/10/2012,A,FC Barcelona,Rayo Vallecano,00:05,CF,48,00:02,Left-footed shot,Marta Montoya
Dec-13,LaLiga,9,27/10/2012,A,FC Barcelona,Rayo Vallecano,00:05,CF,89,00:05,Right-footed shot,Cesc Fabregas
Dec-13,UEFA Champions League,Group Stage,07/11/2012,A,FC Barcelona,Celtic FC,02:01,CF,90+1,02:01,Tap-in,
Dec-13,LaLiga,11,11/11/2012,A,FC Barcelona,RCD Mallorca,02:04,CF,43,00:02,Left-footed shot,Sergio Busquets
Dec-13,LaLiga,11,11/11/2012,A,FC Barcelona,RCD Mallorca,02:04,CF,70,02:04,Left-footed shot,Alexis Sanchez
Dec-13,LaLiga,12,17/11/2012,H,FC Barcelona,Real Zaragoza,03:01,CF,15,01:00,Left-footed shot,Jordi Alba
Dec-13,LaLiga,12,17/11/2012,H,FC Barcelona,Real Zaragoza,03:01,CF,60,03:01,Left-footed shot,Marta Montoya
Dec-13,UEFA Champions League,Group Stage,20/11/2012,A,FC Barcelona,Spartak Moscow,00:03,CF,27,00:02,Right-footed shot,
Dec-13,UEFA Champions League,Group Stage,20/11/2012,A,FC Barcelona,Spartak Moscow,00:03,CF,39,00:03,Left-footed shot,Pedro
Dec-13,LaLiga,13,25/11/2012,A,FC Barcelona,Levante UD,00:04,CF,46,00:01,Left-footed shot,Andres Iniesta
Dec-13,LaLiga,13,25/11/2012,A,FC Barcelona,Levante UD,00:04,CF,51,00:02,Left-footed shot,Andres Iniesta
Dec-13,LaLiga,14,01/12/2012,H,FC Barcelona,Athletic Bilbao,05:01,CF,24,02:00,Left-footed shot,Xavi
Dec-13,LaLiga,14,01/12/2012,H,FC Barcelona,Athletic Bilbao,05:01,CF,69,05:01,Right-footed shot,Pedro
Dec-13,LaLiga,15,09/12/2012,A,FC Barcelona,Real Betis Balompie,01:02,CF,16,00:01,Left-footed shot,Andres Iniesta
Dec-13,LaLiga,15,09/12/2012,A,FC Barcelona,Real Betis Balompie,01:02,CF,25,00:02,Left-footed shot,Andres Iniesta
Dec-13,Copa del Rey,last 16,12/12/2012,A,FC Barcelona,CÃ³rdoba CF,00:02,CF,10,00:01,Left-footed shot,David Villa
Dec-13,Copa del Rey,last 16,12/12/2012,A,FC Barcelona,CÃ³rdoba CF,00:02,CF,73,00:02,Left-footed shot,Alexis Sanchez
Dec-13,LaLiga,16,16/12/2012,H,FC Barcelona,Atletico de Madrid,04:01,CF,58,03:01,Left-footed shot,Alexis Sanchez
Dec-13,LaLiga,16,16/12/2012,H,FC Barcelona,Atletico de Madrid,04:01,CF,88,04:01,Left-footed shot,
Dec-13,LaLiga,17,22/12/2012,A,FC Barcelona,Real Valladolid CF,01:03,CF,59,00:02,Left-footed shot,Xavi
Dec-13,LaLiga,18,06/01/2013,H,FC Barcelona,RCD Espanyol Barcelona,04:00,CF,28,04:00,Penalty,
Dec-13,LaLiga,19,13/01/2013,A,FC Barcelona,Malaga CF,01:03,CF,26,00:01,Right-footed shot,
Dec-13,Copa del Rey,Quarter-Finals,16/01/2013,H,FC Barcelona,Malaga CF,02:02,CF,29,01:01,Left-footed shot,
Dec-13,LaLiga,20,19/01/2013,A,FC Barcelona,Real Sociedad,03:02,CF,6,00:01,Left-footed shot,Andres Iniesta
Dec-13,Copa del Rey,Quarter-Finals,24/01/2013,A,FC Barcelona,Malaga CF,02:04,CF,79,02:04,Header,Dani Alves
Dec-13,LaLiga,21,27/01/2013,H,FC Barcelona,CA Osasuna,05:01,CF,11,01:00,Right-footed shot,Xavi
Dec-13,LaLiga,21,27/01/2013,H,FC Barcelona,CA Osasuna,05:01,CF,28,02:01,Penalty,
Dec-13,LaLiga,21,27/01/2013,H,FC Barcelona,CA Osasuna,05:01,CF,56,04:01,Left-footed shot,David Villa
Dec-13,LaLiga,21,27/01/2013,H,FC Barcelona,CA Osasuna,05:01,CF,58,05:01,Left-footed shot,Adriano
Dec-13,LaLiga,22,03/02/2013,A,FC Barcelona,Valencia CF,01:01,CF,39,01:01,Penalty,
Dec-13,LaLiga,23,10/02/2013,H,FC Barcelona,Getafe CF,06:01,CF,13,02:00,Left-footed shot,Thiago
Dec-13,LaLiga,24,16/02/2013,A,FC Barcelona,Granada CF,01:02,CF,49,01:01,Left-footed shot,
Dec-13,LaLiga,24,16/02/2013,A,FC Barcelona,Granada CF,01:02,CF,72,01:02,Direct free kick,
Dec-13,LaLiga,25,23/02/2013,H,FC Barcelona,Sevilla FC,02:01,CF,60,02:01,Left-footed shot,Cristian Tello
Dec-13,LaLiga,26,02/03/2013,A,FC Barcelona,Real Madrid,02:01,CF,18,01:01,Left-footed shot,Dani Alves
Dec-13,LaLiga,27,09/03/2013,H,FC Barcelona,Deportivo de La Coruaa,02:00,CF,88,02:00,Left-footed shot,Alexis Sanchez
Dec-13,UEFA Champions League,last 16,12/03/2013,H,FC Barcelona,AC Milan,04:00,CF,5,01:00,Left-footed shot,Xavi
Dec-13,UEFA Champions League,last 16,12/03/2013,H,FC Barcelona,AC Milan,04:00,CF,40,02:00,Left-footed shot,Andres Iniesta
Dec-13,LaLiga,28,17/03/2013,H,FC Barcelona,Rayo Vallecano,03:01,CF,40,02:00,Left-footed shot,David Villa
Dec-13,LaLiga,28,17/03/2013,H,FC Barcelona,Rayo Vallecano,03:01,CF,57,03:00,Left-footed shot,David Villa
Dec-13,LaLiga,29,30/03/2013,A,FC Barcelona,Celta de Vigo,02:02,CF,73,01:02,Left-footed shot,Cristian Tello
Dec-13,UEFA Champions League,Quarter-Finals,02/04/2013,A,FC Barcelona,Paris Saint-Germain,02:02,CF,38,00:01,Left-footed shot,Dani Alves
Dec-13,LaLiga,33,27/04/2013,A,FC Barcelona,Athletic Bilbao,02:02,CF,67,01:01,Left-footed shot,Thiago
Dec-13,LaLiga,34,05/05/2013,H,FC Barcelona,Real Betis Balompie,04:02,CF,60,03:02,Direct free kick,
Dec-13,LaLiga,34,05/05/2013,H,FC Barcelona,Real Betis Balompie,04:02,CF,71,04:02,Left-footed shot,Alexis Sanchez
13/14,LaLiga,1,18/08/2013,H,FC Barcelona,Levante UD,07:00,CF,13,02:00,Left-footed shot,Pedro
13/14,LaLiga,1,18/08/2013,H,FC Barcelona,Levante UD,07:00,CF,42,05:00,Penalty,
13/14,LaLiga,3,01/09/2013,A,FC Barcelona,Valencia CF,02:03,CF,11,00:01,Left-footed shot,Cesc Fabregas
13/14,LaLiga,3,01/09/2013,A,FC Barcelona,Valencia CF,02:03,CF,39,00:02,Right-footed shot,Cesc Fabregas
13/14,LaLiga,3,01/09/2013,A,FC Barcelona,Valencia CF,02:03,CF,41,00:03,Left-footed shot,Neymar
13/14,LaLiga,4,14/09/2013,H,FC Barcelona,Sevilla FC,03:02,CF,75,02:00,Left-footed shot,Neymar
13/14,UEFA Champions League,Group Stage,18/09/2013,H,FC Barcelona,Ajax Amsterdam,04:00,CF,22,01:00,Direct free kick,
13/14,UEFA Champions League,Group Stage,18/09/2013,H,FC Barcelona,Ajax Amsterdam,04:00,CF,55,02:00,Left-footed shot,Sergio Busquets
13/14,UEFA Champions League,Group Stage,18/09/2013,H,FC Barcelona,Ajax Amsterdam,04:00,CF,75,04:00,Left-footed shot,Xavi
13/14,LaLiga,6,24/09/2013,H,FC Barcelona,Real Sociedad,04:01,CF,8,02:00,Header,Neymar
13/14,LaLiga,7,28/09/2013,A,FC Barcelona,UD Almera,00:02,CF,21,00:01,Left-footed shot,Pedro
13/14,UEFA Champions League,Group Stage,22/10/2013,A,FC Barcelona,AC Milan,01:01,CF,23,01:01,Left-footed shot,Andres Iniesta
13/14,UEFA Champions League,Group Stage,06/11/2013,H,FC Barcelona,AC Milan,03:01,CF,30,01:00,Penalty,
13/14,UEFA Champions League,Group Stage,06/11/2013,H,FC Barcelona,AC Milan,03:01,CF,83,03:01,Left-footed shot,Cesc Fabregas
13/14,Copa del Rey,last 16,08/01/2014,H,FC Barcelona,Getafe CF,04:00,CF,90,03:00,Left-footed shot,Marta Montoya
13/14,Copa del Rey,last 16,08/01/2014,H,FC Barcelona,Getafe CF,04:00,CF,90+2,04:00,Left-footed shot,Alex Song
13/14,Copa del Rey,last 16,16/01/2014,A,FC Barcelona,Getafe CF,00:02,CF,43,00:01,Right-footed shot,Cristian Tello
13/14,Copa del Rey,last 16,16/01/2014,A,FC Barcelona,Getafe CF,00:02,CF,63,00:02,Left-footed shot,
13/14,LaLiga,22,01/02/2014,H,FC Barcelona,Valencia CF,02:03,CF,54,02:02,Penalty,
13/14,LaLiga,23,09/02/2014,A,FC Barcelona,Sevilla FC,01:04,CF,44,01:02,Left-footed shot,Pedro
13/14,LaLiga,23,09/02/2014,A,FC Barcelona,Sevilla FC,01:04,CF,56,01:03,Left-footed shot,Andres Iniesta
13/14,Copa del Rey,Semi-Finals,12/02/2014,A,FC Barcelona,Real Sociedad,01:01,CF,26,00:01,Solo run,
13/14,LaLiga,24,15/02/2014,H,FC Barcelona,Rayo Vallecano,06:00,CF,36,02:00,Left-footed shot,Cesc Fabregas
13/14,LaLiga,24,15/02/2014,H,FC Barcelona,Rayo Vallecano,06:00,CF,68,05:00,Left-footed shot,Alexis Sanchez
13/14,UEFA Champions League,last 16,18/02/2014,A,FC Barcelona,Manchester City,00:02,CF,54,00:01,Penalty,
13/14,LaLiga,25,22/02/2014,A,FC Barcelona,Real Sociedad,03:01,CF,36,01:01,Left-footed shot,Marta Montoya
13/14,LaLiga,26,02/03/2014,H,FC Barcelona,UD Almera,04:01,CF,24,02:00,Direct free kick,
13/14,UEFA Champions League,last 16,12/03/2014,H,FC Barcelona,Manchester City,02:01,CF,67,01:00,Left-footed shot,
13/14,LaLiga,28,16/03/2014,H,FC Barcelona,CA Osasuna,07:00,CF,18,01:00,Left-footed shot,Alexis Sanchez
13/14,LaLiga,28,16/03/2014,H,FC Barcelona,CA Osasuna,07:00,CF,63,04:00,Left-footed shot,Andres Iniesta
13/14,LaLiga,28,16/03/2014,H,FC Barcelona,CA Osasuna,07:00,CF,88,06:00,Right-footed shot,Dani Alves
13/14,LaLiga,29,23/03/2014,A,FC Barcelona,Real Madrid,03:04,CF,42,02:02,Left-footed shot,Neymar
13/14,LaLiga,29,23/03/2014,A,FC Barcelona,Real Madrid,03:04,CF,65,03:03,Penalty,
13/14,LaLiga,29,23/03/2014,A,FC Barcelona,Real Madrid,03:04,CF,84,03:04,Penalty,
13/14,LaLiga,30,26/03/2014,H,FC Barcelona,Celta de Vigo,03:00,CF,30,02:00,Right-footed shot,Andres Iniesta
13/14,LaLiga,31,29/03/2014,A,FC Barcelona,RCD Espanyol Barcelona,00:01,CF,77,00:01,Penalty,
13/14,LaLiga,32,05/04/2014,H,FC Barcelona,Real Betis Balompie,03:01,CF,15,01:00,Penalty,
13/14,LaLiga,32,05/04/2014,H,FC Barcelona,Real Betis Balompie,03:01,CF,86,03:01,Penalty rebound,Antonio A05a
13/14,LaLiga,34,20/04/2014,H,FC Barcelona,Athletic Bilbao,02:01,CF,74,02:01,Direct free kick,
13/14,LaLiga,35,27/04/2014,A,FC Barcelona,Villarreal CF,02:03,CF,83,02:03,Right-footed shot,Cesc Fabregas
13/14,LaLiga,36,03/05/2014,H,FC Barcelona,Getafe CF,02:02,CF,23,01:00,Left-footed shot,Dani Alves
14/15,LaLiga,1,24/08/2014,H,FC Barcelona,Elche CF,03:00,CF,42,01:00,Left-footed shot,Sergio Busquets
14/15,LaLiga,1,24/08/2014,H,FC Barcelona,Elche CF,03:00,CF,64,03:00,Left-footed shot,
14/15,LaLiga,4,21/09/2014,A,FC Barcelona,Levante UD,00:05,CF,77,00:05,Right-footed shot,
14/15,LaLiga,6,27/09/2014,H,FC Barcelona,Granada CF,06:00,CF,62,04:00,Header,Dani Alves
14/15,LaLiga,6,27/09/2014,H,FC Barcelona,Granada CF,06:00,CF,82,06:00,Right-footed shot,
14/15,UEFA Champions League,Group Stage,30/09/2014,A,FC Barcelona,Paris Saint-Germain,03:02,RW,12,01:01,Left-footed shot,Andres Iniesta
14/15,LaLiga,7,04/10/2014,A,FC Barcelona,Rayo Vallecano,00:02,CF,35,00:01,Left-footed shot,Gerard Pique
14/15,LaLiga,8,18/10/2014,H,FC Barcelona,SD Eibar,03:00,CF,74,03:00,Left-footed shot,Neymar
14/15,UEFA Champions League,Group Stage,21/10/2014,H,FC Barcelona,Ajax Amsterdam,03:01,CF,24,02:00,Left-footed shot,Andres Iniesta
14/15,UEFA Champions League,Group Stage,05/11/2014,A,FC Barcelona,Ajax Amsterdam,00:02,RW,36,00:01,Header,Marc Bartra
14/15,UEFA Champions League,Group Stage,05/11/2014,A,FC Barcelona,Ajax Amsterdam,00:02,RW,76,00:02,Left-footed shot,Pedro
14/15,LaLiga,12,22/11/2014,H,FC Barcelona,Sevilla FC,05:01,RW,21,01:00,Direct free kick,
14/15,LaLiga,12,22/11/2014,H,FC Barcelona,Sevilla FC,05:01,RW,73,04:01,Tap-in,Neymar
14/15,LaLiga,12,22/11/2014,H,FC Barcelona,Sevilla FC,05:01,RW,78,05:01,Left-footed shot,Neymar
14/15,UEFA Champions League,Group Stage,25/11/2014,A,FC Barcelona,APOEL Nicosia,00:04,CF,38,00:02,Right-footed shot,Rafinha
14/15,UEFA Champions League,Group Stage,25/11/2014,A,FC Barcelona,APOEL Nicosia,00:04,CF,58,00:03,Right-footed shot,Dani Alves
14/15,UEFA Champions League,Group Stage,25/11/2014,A,FC Barcelona,APOEL Nicosia,00:04,CF,87,00:04,Right-footed shot,Pedro
14/15,LaLiga,14,07/12/2014,H,FC Barcelona,RCD Espanyol Barcelona,05:01,RW,45+1,01:01,Left-footed shot,Xavi
14/15,LaLiga,14,07/12/2014,H,FC Barcelona,RCD Espanyol Barcelona,05:01,RW,50,02:01,Right-footed shot,Luis Suarez
14/15,LaLiga,14,07/12/2014,H,FC Barcelona,RCD Espanyol Barcelona,05:01,RW,81,05:01,Right-footed shot,Pedro
14/15,UEFA Champions League,Group Stage,10/12/2014,H,FC Barcelona,Paris Saint-Germain,03:01,AM,19,01:01,Right-footed shot,Luis Suarez
14/15,LaLiga,16,20/12/2014,H,FC Barcelona,CÃ³rdoba CF,05:00,RW,82,04:00,Right-footed shot,
14/15,LaLiga,16,20/12/2014,H,FC Barcelona,CÃ³rdoba CF,05:00,RW,90,05:00,Right-footed shot,
14/15,Copa del Rey,last 16,08/01/2015,H,FC Barcelona,Elche CF,05:00,RW,45,03:00,Penalty,
14/15,LaLiga,18,11/01/2015,H,FC Barcelona,Atletico de Madrid,03:01,RW,87,03:01,Left-footed shot,
14/15,LaLiga,19,18/01/2015,A,FC Barcelona,Deportivo de La Coruaa,00:04,RW,11,00:01,Header,Ivan Rakitic
14/15,LaLiga,19,18/01/2015,A,FC Barcelona,Deportivo de La Coruaa,00:04,RW,33,00:02,Left-footed shot,Luis Suarez
14/15,LaLiga,19,18/01/2015,A,FC Barcelona,Deportivo de La Coruaa,00:04,RW,62,00:03,Left-footed shot,Ivan Rakitic
14/15,Copa del Rey,Quarter-Finals,21/01/2015,H,FC Barcelona,Atletico de Madrid,01:00,RW,85,01:00,Penalty rebound,
14/15,LaLiga,20,24/01/2015,A,FC Barcelona,Elche CF,00:06,CF,55,00:02,Penalty,
14/15,LaLiga,20,24/01/2015,A,FC Barcelona,Elche CF,00:06,CF,88,00:05,Left-footed shot,Marc Bartra
14/15,LaLiga,21,01/02/2015,H,FC Barcelona,Villarreal CF,03:02,RW,55,03:02,Right-footed shot,Luis Suarez
14/15,LaLiga,22,08/02/2015,A,FC Barcelona,Athletic Bilbao,02:05,RW,15,00:01,Direct free kick,
14/15,Copa del Rey,Semi-Finals,11/02/2015,H,FC Barcelona,Villarreal CF,03:01,RW,41,01:00,Left-footed shot,Luis Suarez
14/15,LaLiga,23,15/02/2015,H,FC Barcelona,Levante UD,05:00,CF,38,02:00,Right-footed shot,Marc Bartra
14/15,LaLiga,23,15/02/2015,H,FC Barcelona,Levante UD,05:00,CF,59,03:00,Right-footed shot,Pedro
14/15,LaLiga,23,15/02/2015,H,FC Barcelona,Levante UD,05:00,CF,65,04:00,Penalty,
14/15,LaLiga,25,28/02/2015,A,FC Barcelona,Granada CF,01:03,RW,70,01:03,Right-footed shot,Luis Suarez
14/15,LaLiga,26,08/03/2015,H,FC Barcelona,Rayo Vallecano,06:01,RW,56,03:00,Penalty,
14/15,LaLiga,26,08/03/2015,H,FC Barcelona,Rayo Vallecano,06:01,RW,63,04:00,Tap-in,
14/15,LaLiga,26,08/03/2015,H,FC Barcelona,Rayo Vallecano,06:01,RW,68,05:00,Left-footed shot,Pedro
14/15,LaLiga,27,14/03/2015,A,FC Barcelona,SD Eibar,00:02,RW,31,00:01,Penalty,
14/15,LaLiga,27,14/03/2015,A,FC Barcelona,SD Eibar,00:02,RW,55,00:02,Header,Ivan Rakitic
14/15,LaLiga,30,08/04/2015,H,FC Barcelona,UD Almera,04:00,RW,33,01:00,Left-footed shot,Marc Bartra
14/15,LaLiga,31,11/04/2015,A,FC Barcelona,Sevilla FC,02:02,RW,15,00:01,Left-footed shot,Neymar
14/15,LaLiga,32,18/04/2015,H,FC Barcelona,Valencia CF,02:00,RW,90+4,02:00,Left-footed shot,
14/15,LaLiga,33,25/04/2015,A,FC Barcelona,RCD Espanyol Barcelona,00:02,RW,25,00:02,Left-footed shot,Luis Suarez
14/15,LaLiga,34,28/04/2015,H,FC Barcelona,Getafe CF,06:00,RW,9,01:00,Penalty,
14/15,LaLiga,34,28/04/2015,H,FC Barcelona,Getafe CF,06:00,RW,47,06:00,Left-footed shot,Luis Suarez
14/15,LaLiga,35,02/05/2015,A,FC Barcelona,CÃ³rdoba CF,00:08,RW,47,00:03,Header,Dani Alves
14/15,LaLiga,35,02/05/2015,A,FC Barcelona,CÃ³rdoba CF,00:08,RW,80,00:06,Left-footed shot,Luis Suarez
14/15,UEFA Champions League,Semi-Finals,06/05/2015,H,FC Barcelona,Bayern Munich,03:00,RW,77,01:00,Left-footed shot,Dani Alves
14/15,UEFA Champions League,Semi-Finals,06/05/2015,H,FC Barcelona,Bayern Munich,03:00,RW,80,02:00,Right-footed shot,Ivan Rakitic
14/15,LaLiga,37,17/05/2015,A,FC Barcelona,Atletico de Madrid,00:01,RW,65,00:01,Left-footed shot,Pedro
14/15,LaLiga,38,23/05/2015,H,FC Barcelona,Deportivo de La Coruaa,02:02,RW,5,01:00,Header,Rafinha
14/15,LaLiga,38,23/05/2015,H,FC Barcelona,Deportivo de La Coruaa,02:02,RW,59,02:00,Right-footed shot,Neymar
14/15,Copa del Rey,Final,30/05/2015,A,FC Barcelona,Athletic Bilbao,01:03,RW,20,00:01,Solo run,
14/15,Copa del Rey,Final,30/05/2015,A,FC Barcelona,Athletic Bilbao,01:03,RW,74,00:03,Left-footed shot,Dani Alves
15/16,UEFA Super Cup,Final,11/08/2015,H,FC Barcelona,Sevilla FC,5:4 AET,RW,7,01:01,Direct free kick,
15/16,UEFA Super Cup,Final,11/08/2015,H,FC Barcelona,Sevilla FC,5:4 AET,RW,16,02:01,Direct free kick,
15/16,Supercopa,final,17/08/2015,H,FC Barcelona,Athletic Bilbao,01:01,RW,43,01:00,Left-footed shot,Luis Suarez
15/16,LaLiga,3,12/09/2015,A,FC Barcelona,Atletico de Madrid,01:02,RW,77,01:02,Left-footed shot,Luis Suarez
15/16,LaLiga,4,20/09/2015,H,FC Barcelona,Levante UD,04:01,AM,61,03:00,Penalty,
15/16,LaLiga,4,20/09/2015,H,FC Barcelona,Levante UD,04:01,AM,90,04:01,Left-footed shot,Marc Bartra
15/16,UEFA Champions League,Group Stage,24/11/2015,H,FC Barcelona,AS Roma,06:01,RW,18,02:00,Left-footed shot,Luis Suarez
15/16,UEFA Champions League,Group Stage,24/11/2015,H,FC Barcelona,AS Roma,06:01,RW,60,05:00,Tap-in,
15/16,LaLiga,13,28/11/2015,H,FC Barcelona,Real Sociedad,04:00,RW,90+1,04:00,Left-footed shot,Neymar
15/16,UEFA Champions League,Group Stage,09/12/2015,A,FC Barcelona,Bayer 04 Leverkusen,01:01,CF,20,00:01,Right-footed shot,Ivan Rakitic
15/16,LaLiga,15,12/12/2015,H,FC Barcelona,Deportivo de La Coruaa,02:02,RW,39,01:00,Direct free kick,
15/16,FIFA Club World Cup,Final,20/12/2015,A,FC Barcelona,CA River Plate,00:03,RW,36,00:01,Left-footed shot,Neymar
15/16,LaLiga,17,30/12/2015,H,FC Barcelona,Real Betis Balompie,04:00,RW,33,02:00,Right-footed shot,Neymar
15/16,Copa del Rey,last 16,06/01/2016,H,FC Barcelona,RCD Espanyol Barcelona,04:01,RW,13,01:01,Left-footed shot,Andres Iniesta
15/16,Copa del Rey,last 16,06/01/2016,H,FC Barcelona,RCD Espanyol Barcelona,04:01,RW,44,02:01,Direct free kick,
15/16,LaLiga,19,09/01/2016,H,FC Barcelona,Granada CF,04:00,RW,8,01:00,Left-footed shot,Arda Turan
15/16,LaLiga,19,09/01/2016,H,FC Barcelona,Granada CF,04:00,RW,14,02:00,Left-footed shot,Luis Suarez
15/16,LaLiga,19,09/01/2016,H,FC Barcelona,Granada CF,04:00,RW,58,03:00,Tap-in,
15/16,LaLiga,20,17/01/2016,H,FC Barcelona,Athletic Bilbao,06:00,RW,7,01:00,Penalty,
15/16,LaLiga,21,23/01/2016,A,FC Barcelona,Malaga CF,01:02,RW,51,01:02,Left-footed shot,Adriano
15/16,LaLiga,22,30/01/2016,H,FC Barcelona,Atletico de Madrid,02:01,RW,30,01:01,Left-footed shot,Jordi Alba
15/16,Copa del Rey,Semi-Finals,03/02/2016,H,FC Barcelona,Valencia CF,07:00,RW,29,03:00,Left-footed shot,Neymar
15/16,Copa del Rey,Semi-Finals,03/02/2016,H,FC Barcelona,Valencia CF,07:00,RW,59,04:00,Left-footed shot,Luis Suarez
15/16,Copa del Rey,Semi-Finals,03/02/2016,H,FC Barcelona,Valencia CF,07:00,RW,74,05:00,Left-footed shot,
15/16,LaLiga,24,14/02/2016,H,FC Barcelona,Celta de Vigo,06:01,RW,28,01:00,Direct free kick,
15/16,LaLiga,16,17/02/2016,A,FC Barcelona,Sporting GijÃ³n,01:03,RW,25,00:01,Left-footed shot,Luis Suarez
15/16,LaLiga,16,17/02/2016,A,FC Barcelona,Sporting GijÃ³n,01:03,RW,31,01:02,Left-footed shot,Luis Suarez
15/16,UEFA Champions League,last 16,23/02/2016,A,FC Barcelona,Arsenal FC,00:02,RW,71,00:01,Left-footed shot,Neymar
15/16,UEFA Champions League,last 16,23/02/2016,A,FC Barcelona,Arsenal FC,00:02,RW,83,00:02,Penalty,
15/16,LaLiga,26,28/02/2016,H,FC Barcelona,Sevilla FC,02:01,RW,31,01:01,Direct free kick,
15/16,LaLiga,27,03/03/2016,A,FC Barcelona,Rayo Vallecano,01:05,RW,23,00:02,Left-footed shot,Neymar
15/16,LaLiga,27,03/03/2016,A,FC Barcelona,Rayo Vallecano,01:05,RW,53,00:03,Left-footed shot,
15/16,LaLiga,27,03/03/2016,A,FC Barcelona,Rayo Vallecano,01:05,RW,72,01:04,Left-footed shot,Sergio Busquets
15/16,LaLiga,28,06/03/2016,A,FC Barcelona,SD Eibar,00:04,RW,42,00:02,Left-footed shot,Munir El Haddadi
15/16,LaLiga,28,06/03/2016,A,FC Barcelona,SD Eibar,00:04,RW,76,00:03,Penalty,
15/16,LaLiga,29,12/03/2016,H,FC Barcelona,Getafe CF,06:00,CF,41,04:00,Left-footed shot,Arda Turan
15/16,UEFA Champions League,last 16,16/03/2016,H,FC Barcelona,Arsenal FC,03:01,RW,86,03:01,Left-footed shot,Neymar
15/16,LaLiga,33,17/04/2016,H,FC Barcelona,Valencia CF,01:02,RW,63,01:02,Left-footed shot,Jordi Alba
15/16,LaLiga,34,20/04/2016,A,FC Barcelona,Deportivo de La Coruaa,00:08,RW,73,00:06,Left-footed shot,Luis Suarez
15/16,LaLiga,35,23/04/2016,H,FC Barcelona,Sporting GijÃ³n,06:00,RW,13,01:00,Header,
15/16,LaLiga,37,08/05/2016,H,FC Barcelona,RCD Espanyol Barcelona,05:00,RW,8,01:00,Direct free kick,
16/17,Supercopa,final,17/08/2016,H,FC Barcelona,Sevilla FC,03:00,RW,55,03:00,Header,Lucas Digne
16/17,LaLiga,1,20/08/2016,H,FC Barcelona,Real Betis Balompie,06:02,RW,37,02:01,Left-footed shot,Sergi Roberto
16/17,LaLiga,1,20/08/2016,H,FC Barcelona,Real Betis Balompie,06:02,RW,58,05:01,Left-footed shot,Arda Turan
16/17,UEFA Champions League,Group Stage,13/09/2016,H,FC Barcelona,Celtic FC,07:00,RW,3,01:00,Left-footed shot,Neymar
16/17,UEFA Champions League,Group Stage,13/09/2016,H,FC Barcelona,Celtic FC,07:00,RW,27,02:00,Left-footed shot,Neymar
16/17,UEFA Champions League,Group Stage,13/09/2016,H,FC Barcelona,Celtic FC,07:00,RW,60,05:00,Left-footed shot,Luis Suarez
16/17,LaLiga,4,17/09/2016,A,FC Barcelona,CD Leganes,01:05,RW,15,00:01,Left-footed shot,Luis Suarez
16/17,LaLiga,4,17/09/2016,A,FC Barcelona,CD Leganes,01:05,RW,55,00:04,Penalty,
16/17,LaLiga,8,15/10/2016,H,FC Barcelona,Deportivo de La Coruaa,04:00,RW,58,04:00,Left-footed shot,Neymar
16/17,UEFA Champions League,Group Stage,19/10/2016,H,FC Barcelona,Manchester City,04:00,RW,17,01:00,Left-footed shot,Andres Iniesta
16/17,UEFA Champions League,Group Stage,19/10/2016,H,FC Barcelona,Manchester City,04:00,RW,61,02:00,Left-footed shot,Andres Iniesta
16/17,UEFA Champions League,Group Stage,19/10/2016,H,FC Barcelona,Manchester City,04:00,RW,69,03:00,Left-footed shot,Luis Suarez
16/17,LaLiga,9,22/10/2016,A,FC Barcelona,Valencia CF,02:03,RW,22,00:01,Left-footed shot,Ivan Rakitic
16/17,LaLiga,9,22/10/2016,A,FC Barcelona,Valencia CF,02:03,RW,90+4,02:03,Penalty,
16/17,UEFA Champions League,Group Stage,01/11/2016,A,FC Barcelona,Manchester City,03:01,RW,21,00:01,Left-footed shot,Neymar
16/17,LaLiga,11,06/11/2016,A,FC Barcelona,Sevilla FC,01:02,RW,43,01:01,Left-footed shot,Neymar
16/17,UEFA Champions League,Group Stage,23/11/2016,A,FC Barcelona,Celtic FC,00:02,RW,24,00:01,Left-footed shot,Neymar
16/17,UEFA Champions League,Group Stage,23/11/2016,A,FC Barcelona,Celtic FC,00:02,RW,55,00:02,Penalty,
16/17,LaLiga,13,27/11/2016,A,FC Barcelona,Real Sociedad,01:01,RW,59,01:01,Left-footed shot,Neymar
16/17,UEFA Champions League,Group Stage,06/12/2016,H,FC Barcelona,Borussia MÃ¶nchengladbach,04:00,RW,16,01:00,Left-footed shot,Arda Turan
16/17,LaLiga,15,10/12/2016,A,FC Barcelona,CA Osasuna,00:03,RW,72,00:02,Left-footed shot,Jordi Alba
16/17,LaLiga,15,10/12/2016,A,FC Barcelona,CA Osasuna,00:03,RW,90+2,00:03,Left-footed shot,Sergio Busquets
16/17,LaLiga,16,18/12/2016,H,FC Barcelona,RCD Espanyol Barcelona,04:01,RW,90,04:01,Left-footed shot,Luis Suarez
16/17,Copa del Rey,last 16,05/01/2017,A,FC Barcelona,Athletic Bilbao,02:01,RW,52,02:01,Direct free kick,
16/17,LaLiga,17,08/01/2017,A,FC Barcelona,Villarreal CF,01:01,RW,90,01:01,Direct free kick,
16/17,Copa del Rey,last 16,11/01/2017,H,FC Barcelona,Athletic Bilbao,03:01,RW,78,03:01,Direct free kick,
16/17,LaLiga,18,14/01/2017,H,FC Barcelona,UD Las Palmas,05:00,RW,52,02:00,Right-footed shot,
16/17,LaLiga,19,22/01/2017,A,FC Barcelona,SD Eibar,00:04,RW,50,00:02,Left-footed shot,Luis Suarez
16/17,Copa del Rey,Quarter-Finals,26/01/2017,H,FC Barcelona,Real Sociedad,05:02,RW,55,02:00,Penalty,
16/17,Copa del Rey,Semi-Finals,01/02/2017,A,FC Barcelona,Atletico de Madrid,01:02,RW,33,00:02,Left-footed shot,Ivan Rakitic
16/17,LaLiga,21,04/02/2017,H,FC Barcelona,Athletic Bilbao,03:00,RW,40,02:00,Direct free kick,
16/17,LaLiga,22,11/02/2017,A,FC Barcelona,Deportivo Alaves,00:06,RW,59,00:03,Left-footed shot,Neymar
16/17,LaLiga,23,19/02/2017,H,FC Barcelona,CD Leganes,02:01,RW,4,01:00,Right-footed shot,Luis Suarez
16/17,LaLiga,23,19/02/2017,H,FC Barcelona,CD Leganes,02:01,RW,90,02:01,Penalty,
16/17,LaLiga,24,26/02/2017,A,FC Barcelona,Atletico de Madrid,01:02,RW,86,01:02,Left-footed shot,
16/17,LaLiga,25,01/03/2017,H,FC Barcelona,Sporting GijÃ³n,06:01,RW,9,01:00,Header,Javier Mascherano
16/17,LaLiga,26,04/03/2017,H,FC Barcelona,Celta de Vigo,05:00,AM,24,01:00,Left-footed shot,Sergio Busquets
16/17,LaLiga,26,04/03/2017,H,FC Barcelona,Celta de Vigo,05:00,AM,64,05:00,Left-footed shot,
16/17,UEFA Champions League,last 16,08/03/2017,H,FC Barcelona,Paris Saint-Germain,06:01,AM,50,03:00,Penalty,
16/17,LaLiga,28,19/03/2017,H,FC Barcelona,Valencia CF,04:02,AM,45,02:01,Penalty,
16/17,LaLiga,28,19/03/2017,H,FC Barcelona,Valencia CF,04:02,AM,53,03:02,Right-footed shot,Javier Mascherano
16/17,LaLiga,30,05/04/2017,H,FC Barcelona,Sevilla FC,03:00,RW,28,02:00,Right-footed shot,Luis Suarez
16/17,LaLiga,30,05/04/2017,H,FC Barcelona,Sevilla FC,03:00,RW,33,03:00,Left-footed shot,
16/17,LaLiga,32,15/04/2017,H,FC Barcelona,Real Sociedad,03:02,RW,17,01:00,Left-footed shot,Luis Suarez
16/17,LaLiga,32,15/04/2017,H,FC Barcelona,Real Sociedad,03:02,RW,37,02:00,Tap-in,
16/17,LaLiga,33,23/04/2017,A,FC Barcelona,Real Madrid,02:03,RW,33,01:01,Left-footed shot,Ivan Rakitic
16/17,LaLiga,33,23/04/2017,A,FC Barcelona,Real Madrid,02:03,RW,90+2,02:03,Left-footed shot,Jordi Alba
16/17,LaLiga,34,26/04/2017,H,FC Barcelona,CA Osasuna,07:01,AM,12,01:00,Left-footed shot,
16/17,LaLiga,34,26/04/2017,H,FC Barcelona,CA Osasuna,07:01,AM,61,04:01,Left-footed shot,Ivan Rakitic
16/17,LaLiga,36,06/05/2017,H,FC Barcelona,Villarreal CF,04:01,RW,45,02:01,Left-footed shot,Sergio Busquets
16/17,LaLiga,36,06/05/2017,H,FC Barcelona,Villarreal CF,04:01,RW,82,04:01,Penalty,
16/17,LaLiga,38,21/05/2017,H,FC Barcelona,SD Eibar,04:02,RW,75,03:02,Penalty,
16/17,LaLiga,38,21/05/2017,H,FC Barcelona,SD Eibar,04:02,RW,90+2,04:02,Right-footed shot,
16/17,Copa del Rey,Final,27/05/2017,H,FC Barcelona,Deportivo Alaves,03:01,RW,30,01:00,Left-footed shot,Neymar
17/18,Supercopa,final,13/08/2017,H,FC Barcelona,Real Madrid,01:03,RW,77,01:01,Penalty,
17/18,LaLiga,2,26/08/2017,A,FC Barcelona,Deportivo Alaves,00:02,CF,55,00:01,Left-footed shot,Jordi Alba
17/18,LaLiga,2,26/08/2017,A,FC Barcelona,Deportivo Alaves,00:02,CF,66,00:02,Left-footed shot,Paco Alcacer
17/18,LaLiga,3,09/09/2017,H,FC Barcelona,RCD Espanyol Barcelona,05:00,CF,26,01:00,Left-footed shot,Ivan Rakitic
17/18,LaLiga,3,09/09/2017,H,FC Barcelona,RCD Espanyol Barcelona,05:00,CF,35,02:00,Right-footed shot,Jordi Alba
17/18,LaLiga,3,09/09/2017,H,FC Barcelona,RCD Espanyol Barcelona,05:00,CF,67,03:00,Left-footed shot,Jordi Alba
17/18,UEFA Champions League,Group Stage,12/09/2017,H,FC Barcelona,Juventus FC,03:00,CF,45,01:00,Left-footed shot,Luis Suarez
17/18,UEFA Champions League,Group Stage,12/09/2017,H,FC Barcelona,Juventus FC,03:00,CF,69,03:00,Left-footed shot,
17/18,LaLiga,5,19/09/2017,H,FC Barcelona,SD Eibar,06:01,CF,21,01:00,Penalty,
17/18,LaLiga,5,19/09/2017,H,FC Barcelona,SD Eibar,06:01,CF,59,04:01,Left-footed shot,Sergio Busquets
17/18,LaLiga,5,19/09/2017,H,FC Barcelona,SD Eibar,06:01,CF,62,05:01,Left-footed shot,Paulinho
17/18,LaLiga,5,19/09/2017,H,FC Barcelona,SD Eibar,06:01,CF,87,06:01,Left-footed shot,Aleix Vidal
17/18,LaLiga,7,01/10/2017,H,FC Barcelona,UD Las Palmas,03:00,SS,70,02:00,Left-footed shot,Denis Suarez
17/18,LaLiga,7,01/10/2017,H,FC Barcelona,UD Las Palmas,03:00,SS,77,03:00,Left-footed shot,Luis Suarez
17/18,UEFA Champions League,Group Stage,18/10/2017,H,FC Barcelona,Olympiacos Piraeus,03:01,CF,61,02:00,Direct free kick,
17/18,LaLiga,10,28/10/2017,A,FC Barcelona,Athletic Bilbao,00:02,SS,37,00:01,Left-footed shot,Jordi Alba
17/18,LaLiga,14,02/12/2017,H,FC Barcelona,Celta de Vigo,02:02,SS,22,01:01,Left-footed shot,Paulinho
17/18,LaLiga,15,10/12/2017,A,FC Barcelona,Villarreal CF,00:02,RW,83,00:02,Left-footed shot,Sergio Busquets
17/18,LaLiga,17,23/12/2017,A,FC Barcelona,Real Madrid,00:03,SS,64,00:02,Penalty,
17/18,LaLiga,18,07/01/2018,H,FC Barcelona,Levante UD,03:00,SS,12,01:00,Left-footed shot,Jordi Alba
17/18,Copa del Rey,last 16,11/01/2018,H,FC Barcelona,Celta de Vigo,05:00,SS,13,01:00,Left-footed shot,Jordi Alba
17/18,Copa del Rey,last 16,11/01/2018,H,FC Barcelona,Celta de Vigo,05:00,SS,15,02:00,Left-footed shot,Jordi Alba
17/18,LaLiga,19,14/01/2018,A,FC Barcelona,Real Sociedad,02:04,SS,85,02:04,Direct free kick,
17/18,LaLiga,20,21/01/2018,A,FC Barcelona,Real Betis Balompie,00:05,SS,64,00:02,Left-footed shot,Sergio Busquets
17/18,LaLiga,20,21/01/2018,A,FC Barcelona,Real Betis Balompie,00:05,SS,80,00:04,Left-footed shot,Luis Suarez
17/18,Copa del Rey,Quarter-Finals,25/01/2018,H,FC Barcelona,RCD Espanyol Barcelona,02:00,SS,25,02:00,Deflected shot on goal,
17/18,LaLiga,21,28/01/2018,H,FC Barcelona,Deportivo Alaves,02:01,SS,84,02:01,Direct free kick,
17/18,UEFA Champions League,last 16,20/02/2018,A,FC Barcelona,Chelsea FC,01:01,SS,75,01:01,Left-footed shot,Andres Iniesta
17/18,LaLiga,25,24/02/2018,H,FC Barcelona,Girona FC,06:01,SS,30,02:01,Left-footed shot,Luis Suarez
17/18,LaLiga,25,24/02/2018,H,FC Barcelona,Girona FC,06:01,SS,36,03:01,Direct free kick,
17/18,LaLiga,26,01/03/2018,A,FC Barcelona,UD Las Palmas,01:01,SS,21,00:01,Direct free kick,
17/18,LaLiga,27,04/03/2018,H,FC Barcelona,Atletico de Madrid,01:00,SS,26,01:00,Direct free kick,
17/18,UEFA Champions League,last 16,14/03/2018,H,FC Barcelona,Chelsea FC,03:00,SS,3,01:00,Right-footed shot,Luis Suarez
17/18,UEFA Champions League,last 16,14/03/2018,H,FC Barcelona,Chelsea FC,03:00,SS,63,03:00,Left-footed shot,Luis Suarez
17/18,LaLiga,29,18/03/2018,H,FC Barcelona,Athletic Bilbao,02:00,SS,30,02:00,Left-footed shot,Ousmane Dembele
17/18,LaLiga,30,31/03/2018,A,FC Barcelona,Sevilla FC,02:02,RW,89,02:02,Left-footed shot,Philippe Coutinho
17/18,LaLiga,31,07/04/2018,H,FC Barcelona,CD Leganes,03:01,SS,27,01:00,Direct free kick,
17/18,LaLiga,31,07/04/2018,H,FC Barcelona,CD Leganes,03:01,SS,32,02:00,Left-footed shot,Philippe Coutinho
17/18,LaLiga,31,07/04/2018,H,FC Barcelona,CD Leganes,03:01,SS,87,03:01,Left-footed shot,Ousmane Dembele
17/18,Copa del Rey,Final,21/04/2018,A,FC Barcelona,Sevilla FC,00:05,SS,31,00:02,Left-footed shot,Jordi Alba
17/18,LaLiga,35,29/04/2018,A,FC Barcelona,Deportivo de La Coruaa,02:04,CF,38,00:02,Left-footed shot,Luis Suarez
17/18,LaLiga,35,29/04/2018,A,FC Barcelona,Deportivo de La Coruaa,02:04,CF,82,02:03,Right-footed shot,Luis Suarez
17/18,LaLiga,35,29/04/2018,A,FC Barcelona,Deportivo de La Coruaa,02:04,CF,85,02:04,Left-footed shot,Luis Suarez
17/18,LaLiga,36,06/05/2018,H,FC Barcelona,Real Madrid,02:02,SS,52,02:01,Left-footed shot,Luis Suarez
17/18,LaLiga,34,09/05/2018,H,FC Barcelona,Villarreal CF,05:01,CF,45,03:00,Left-footed shot,Andres Iniesta
18/19,LaLiga,1,18/08/2018,H,FC Barcelona,Deportivo Alaves,03:00,RW,64,01:00,Direct free kick,
18/19,LaLiga,1,18/08/2018,H,FC Barcelona,Deportivo Alaves,03:00,RW,90+2,03:00,Left-footed shot,Luis Suarez
18/19,LaLiga,3,02/09/2018,H,FC Barcelona,SD Huesca,08:02,RW,16,01:01,Right-footed shot,Ivan Rakitic
18/19,LaLiga,3,02/09/2018,H,FC Barcelona,SD Huesca,08:02,RW,61,06:02,Left-footed shot,Philippe Coutinho
18/19,UEFA Champions League,Group Stage,18/09/2018,H,FC Barcelona,PSV Eindhoven,04:00,RW,31,01:00,Direct free kick,
18/19,UEFA Champions League,Group Stage,18/09/2018,H,FC Barcelona,PSV Eindhoven,04:00,RW,77,03:00,Left-footed shot,Ivan Rakitic
18/19,UEFA Champions League,Group Stage,18/09/2018,H,FC Barcelona,PSV Eindhoven,04:00,RW,87,04:00,Right-footed shot,Luis Suarez
18/19,LaLiga,5,23/09/2018,H,FC Barcelona,Girona FC,02:02,RW,19,01:00,Left-footed shot,Arturo Vidal
18/19,UEFA Champions League,Group Stage,03/10/2018,A,FC Barcelona,Tottenham Hotspur,02:04,RW,56,01:03,Left-footed shot,Jordi Alba
18/19,UEFA Champions League,Group Stage,03/10/2018,A,FC Barcelona,Tottenham Hotspur,02:04,RW,90,02:04,Left-footed shot,Jordi Alba
18/19,LaLiga,8,07/10/2018,A,FC Barcelona,Valencia CF,01:01,RW,23,01:01,Left-footed shot,Luis Suarez
18/19,LaLiga,9,20/10/2018,H,FC Barcelona,Sevilla FC,04:02,RW,12,02:00,Left-footed shot,Luis Suarez
18/19,LaLiga,12,11/11/2018,H,FC Barcelona,Real Betis Balompie,03:04,SS,68,01:02,Penalty,
18/19,LaLiga,12,11/11/2018,H,FC Barcelona,Real Betis Balompie,03:04,SS,90+4,03:04,Left-footed shot,Arturo Vidal
18/19,UEFA Champions League,Group Stage,28/11/2018,A,FC Barcelona,PSV Eindhoven,01:02,CF,61,00:01,Left-footed shot,Ousmane Dembele
18/19,LaLiga,15,08/12/2018,A,FC Barcelona,RCD Espanyol Barcelona,00:04,RW,17,00:01,Direct free kick,
18/19,LaLiga,15,08/12/2018,A,FC Barcelona,RCD Espanyol Barcelona,00:04,RW,65,00:04,Direct free kick,
18/19,LaLiga,16,16/12/2018,A,FC Barcelona,Levante UD,00:05,SS,43,00:02,Right-footed shot,Sergio Busquets
18/19,LaLiga,16,16/12/2018,A,FC Barcelona,Levante UD,00:05,SS,47,00:03,Left-footed shot,
18/19,LaLiga,16,16/12/2018,A,FC Barcelona,Levante UD,00:05,SS,60,00:04,Left-footed shot,Arturo Vidal
18/19,LaLiga,17,22/12/2018,H,FC Barcelona,Celta de Vigo,02:00,RW,45,02:00,Left-footed shot,Jordi Alba
18/19,LaLiga,18,06/01/2019,A,FC Barcelona,Getafe CF,01:02,RW,20,00:01,Left-footed shot,
18/19,LaLiga,19,13/01/2019,H,FC Barcelona,SD Eibar,03:00,RW,53,02:00,Left-footed shot,Luis Suarez
18/19,Copa del Rey,last 16,17/01/2019,H,FC Barcelona,Levante UD,03:00,CF,54,03:00,Left-footed shot,Nelson Semedo
18/19,LaLiga,20,20/01/2019,H,FC Barcelona,CD Leganes,03:01,SS,90+2,03:01,Right-footed shot,Jordi Alba
18/19,LaLiga,21,27/01/2019,A,FC Barcelona,Girona FC,00:02,RW,69,00:02,Left-footed shot,Jordi Alba
18/19,Copa del Rey,Quarter-Finals,30/01/2019,H,FC Barcelona,Sevilla FC,06:01,RW,90+2,06:01,Left-footed shot,Jordi Alba
18/19,LaLiga,22,02/02/2019,H,FC Barcelona,Valencia CF,02:02,RW,39,01:02,Penalty,
18/19,LaLiga,22,02/02/2019,H,FC Barcelona,Valencia CF,02:02,RW,64,02:02,Left-footed shot,Arturo Vidal
18/19,LaLiga,24,16/02/2019,H,FC Barcelona,Real Valladolid CF,01:00,RW,43,01:00,Penalty,
18/19,LaLiga,25,23/02/2019,A,FC Barcelona,Sevilla FC,02:04,RW,26,01:01,Left-footed shot,Ivan Rakitic
18/19,LaLiga,25,23/02/2019,A,FC Barcelona,Sevilla FC,02:04,RW,67,02:02,Right-footed shot,Ousmane Dembele
18/19,LaLiga,25,23/02/2019,A,FC Barcelona,Sevilla FC,02:04,RW,85,02:03,Left-footed shot,
18/19,LaLiga,27,09/03/2019,H,FC Barcelona,Rayo Vallecano,03:01,RW,51,02:01,Penalty,
18/19,UEFA Champions League,last 16,13/03/2019,H,FC Barcelona,Olympique Lyon,05:01,RW,18,01:00,Penalty,
18/19,UEFA Champions League,last 16,13/03/2019,H,FC Barcelona,Olympique Lyon,05:01,RW,78,03:01,Right-footed shot,Sergio Busquets
18/19,LaLiga,28,17/03/2019,A,FC Barcelona,Real Betis Balompie,01:04,SS,18,00:01,Direct free kick,
18/19,LaLiga,28,17/03/2019,A,FC Barcelona,Real Betis Balompie,01:04,SS,45+2,00:02,Left-footed shot,Luis Suarez
18/19,LaLiga,28,17/03/2019,A,FC Barcelona,Real Betis Balompie,01:04,SS,85,01:04,Left-footed shot,Ivan Rakitic
18/19,LaLiga,29,30/03/2019,H,FC Barcelona,RCD Espanyol Barcelona,02:00,RW,71,01:00,Direct free kick,
18/19,LaLiga,29,30/03/2019,H,FC Barcelona,RCD Espanyol Barcelona,02:00,RW,89,02:00,Left-footed shot,Malcom
18/19,LaLiga,30,02/04/2019,A,FC Barcelona,Villarreal CF,04:04,RW,90,04:03,Direct free kick,
18/19,LaLiga,31,06/04/2019,H,FC Barcelona,Atletico de Madrid,02:00,SS,87,02:00,Left-footed shot,
18/19,UEFA Champions League,Quarter-Finals,16/04/2019,H,FC Barcelona,Manchester United,03:00,RW,16,01:00,Left-footed shot,
18/19,UEFA Champions League,Quarter-Finals,16/04/2019,H,FC Barcelona,Manchester United,03:00,RW,20,02:00,Right-footed shot,
18/19,LaLiga,35,27/04/2019,H,FC Barcelona,Levante UD,01:00,RW,62,01:00,Left-footed shot,Arturo Vidal
18/19,UEFA Champions League,Semi-Finals,01/05/2019,H,FC Barcelona,Liverpool FC,03:00,RW,75,02:00,Left-footed shot,Luis Suarez
18/19,UEFA Champions League,Semi-Finals,01/05/2019,H,FC Barcelona,Liverpool FC,03:00,RW,82,03:00,Direct free kick,
18/19,LaLiga,38,19/05/2019,A,FC Barcelona,SD Eibar,02:02,CF,31,01:01,Left-footed shot,Arturo Vidal
18/19,LaLiga,38,19/05/2019,A,FC Barcelona,SD Eibar,02:02,CF,32,01:02,Left-footed shot,Ivan Rakitic
18/19,Copa del Rey,Final,25/05/2019,H,FC Barcelona,Valencia CF,01:02,CF,73,01:02,Left-footed shot,Clement Lenglet
19/20,LaLiga,8,06/10/2019,H,FC Barcelona,Sevilla FC,04:00,RW,78,04:00,Direct free kick,
19/20,LaLiga,9,19/10/2019,A,FC Barcelona,SD Eibar,00:03,RW,58,00:02,Left-footed shot,Antoine Griezmann
19/20,UEFA Champions League,Group Stage,23/10/2019,A,FC Barcelona,SK Slavia Prague,01:02,RW,3,00:01,Left-footed shot,Arthur
19/20,LaLiga,11,29/10/2019,H,FC Barcelona,Real Valladolid CF,05:01,RW,34,03:01,Direct free kick,
19/20,LaLiga,11,29/10/2019,H,FC Barcelona,Real Valladolid CF,05:01,RW,75,04:01,Left-footed shot,Ivan Rakitic
19/20,LaLiga,12,02/11/2019,A,FC Barcelona,Levante UD,03:01,RW,38,00:01,Penalty,
19/20,LaLiga,13,09/11/2019,H,FC Barcelona,Celta de Vigo,04:01,RW,23,01:00,Penalty,
19/20,LaLiga,13,09/11/2019,H,FC Barcelona,Celta de Vigo,04:01,RW,45+1,02:01,Direct free kick,
19/20,LaLiga,13,09/11/2019,H,FC Barcelona,Celta de Vigo,04:01,RW,48,03:01,Direct free kick,
19/20,UEFA Champions League,Group Stage,27/11/2019,H,FC Barcelona,Borussia Dortmund,03:01,RW,33,02:00,Left-footed shot,Luis Suarez
19/20,LaLiga,15,01/12/2019,A,FC Barcelona,Atletico de Madrid,00:01,RW,86,00:01,Left-footed shot,Luis Suarez
19/20,LaLiga,16,07/12/2019,H,FC Barcelona,RCD Mallorca,05:02,RW,17,02:00,Left-footed shot,Antoine Griezmann
19/20,LaLiga,16,07/12/2019,H,FC Barcelona,RCD Mallorca,05:02,RW,41,03:01,Left-footed shot,Ivan Rakitic
19/20,LaLiga,16,07/12/2019,H,FC Barcelona,RCD Mallorca,05:02,RW,83,05:02,Left-footed shot,Luis Suarez
19/20,LaLiga,18,21/12/2019,H,FC Barcelona,Deportivo Alaves,04:01,RW,69,03:01,Left-footed shot,Luis Suarez
19/20,Supercopa,Semi-Finals,09/01/2020,H,FC Barcelona,Atletico de Madrid,02:03,RW,51,01:01,Right-footed shot,Luis Suarez
19/20,LaLiga,20,19/01/2020,H,FC Barcelona,Granada CF,01:00,CF,76,01:00,Right-footed shot,Arturo Vidal
19/20,Copa del Rey,Round of 16,30/01/2020,H,FC Barcelona,CD Leganes,05:00,RW,59,03:00,Left-footed shot,Frenkie de Jong
19/20,Copa del Rey,Round of 16,30/01/2020,H,FC Barcelona,CD Leganes,05:00,RW,89,05:00,Left-footed shot,Ivan Rakitic
19/20,LaLiga,25,22/02/2020,H,FC Barcelona,SD Eibar,05:00,SS,14,01:00,Left-footed shot,Ivan Rakitic
19/20,LaLiga,25,22/02/2020,H,FC Barcelona,SD Eibar,05:00,SS,37,02:00,Left-footed shot,Arturo Vidal
19/20,LaLiga,25,22/02/2020,H,FC Barcelona,SD Eibar,05:00,SS,40,03:00,Left-footed shot,
19/20,LaLiga,25,22/02/2020,H,FC Barcelona,SD Eibar,05:00,SS,87,04:00,Left-footed shot,
19/20,LaLiga,27,07/03/2020,H,FC Barcelona,Real Sociedad,01:00,CF,81,01:00,Penalty,
19/20,LaLiga,28,13/06/2020,A,FC Barcelona,RCD Mallorca,00:04,RW,90+3,00:04,Right-footed shot,Luis Suarez
19/20,LaLiga,29,16/06/2020,H,FC Barcelona,CD Leganes,02:00,RW,69,02:00,Penalty,
19/20,LaLiga,33,30/06/2020,H,FC Barcelona,Atletico de Madrid,02:02,SS,50,02:01,Penalty,
19/20,LaLiga,37,16/07/2020,H,FC Barcelona,CA Osasuna,01:02,RW,62,01:01,Direct free kick,
19/20,LaLiga,38,19/07/2020,A,FC Barcelona,Deportivo Alaves,00:05,RW,34,00:02,Left-footed shot,Riqui Puig
19/20,LaLiga,38,19/07/2020,A,FC Barcelona,Deportivo Alaves,00:05,RW,75,00:05,Left-footed shot,Jordi Alba
19/20,UEFA Champions League,last 16,08/08/2020,H,FC Barcelona,SSC Napoli,03:01,SS,23,02:00,Left-footed shot,
20/21,LaLiga,3,27/09/2020,H,FC Barcelona,Villarreal CF,04:00,CF,35,03:00,Penalty,
20/21,UEFA Champions League,Group Stage,20/10/2020,H,FC Barcelona,Ferencvarosi TC,05:01,CF,27,01:00,Penalty,
20/21,UEFA Champions League,Group Stage,28/10/2020,A,FC Barcelona,Juventus FC,00:02,CF,90+1,00:02,Penalty,
20/21,UEFA Champions League,Group Stage,04/11/2020,H,FC Barcelona,Dynamo Kyiv,02:01,RW,5,01:00,Penalty,
20/21,LaLiga,9,07/11/2020,H,FC Barcelona,Real Betis Balompie,05:02,CF,61,03:01,Penalty,
20/21,LaLiga,9,07/11/2020,H,FC Barcelona,Real Betis Balompie,05:02,CF,82,04:02,Left-footed shot,Sergi Roberto
20/21,LaLiga,11,29/11/2020,H,FC Barcelona,CA Osasuna,04:00,RW,73,04:00,Left-footed shot,Francisco Trincao
20/21,LaLiga,13,13/12/2020,H,FC Barcelona,Levante UD,01:00,CF,76,01:00,Left-footed shot,Frenkie de Jong
20/21,LaLiga,14,19/12/2020,H,FC Barcelona,Valencia CF,02:02,CF,45+4,01:01,Header,
20/21,LaLiga,15,22/12/2020,A,FC Barcelona,Real Valladolid CF,00:03,AM,65,00:03,Left-footed shot,Pedri
20/21,LaLiga,2,06/01/2021,A,FC Barcelona,Athletic Bilbao,02:03,CF,38,01:02,Left-footed shot,Pedri
20/21,LaLiga,2,06/01/2021,A,FC Barcelona,Athletic Bilbao,02:03,CF,62,01:03,Left-footed shot,Antoine Griezmann
20/21,LaLiga,18,09/01/2021,A,FC Barcelona,Granada CF,00:04,CF,35,00:02,Left-footed shot,Antoine Griezmann
20/21,LaLiga,18,09/01/2021,A,FC Barcelona,Granada CF,00:04,CF,42,00:03,Direct free kick,
20/21,Copa del Rey,Round of 16,27/01/2021,A,FC Barcelona,Rayo Vallecano,01:02,CF,69,01:01,Left-footed shot,Antoine Griezmann
20/21,LaLiga,21,31/01/2021,H,FC Barcelona,Athletic Bilbao,02:01,CF,20,01:00,Direct free kick,
20/21,LaLiga,22,07/02/2021,A,FC Barcelona,Real Betis Balompie,02:03,CF,59,01:01,Left-footed shot,Ousmane Dembele
20/21,LaLiga,23,13/02/2021,H,FC Barcelona,Deportivo Alaves,05:01,CF,45+1,02:00,Left-footed shot,Sergio Busquets
20/21,LaLiga,23,13/02/2021,H,FC Barcelona,Deportivo Alaves,05:01,CF,75,04:01,Left-footed shot,Antoine Griezmann
20/21,UEFA Champions League,last 16,16/02/2021,H,FC Barcelona,Paris Saint-Germain,01:04,CF,27,01:00,Penalty,
20/21,LaLiga,24,21/02/2021,H,FC Barcelona,Cadiz CF,01:01,CF,32,01:00,Penalty,
20/21,LaLiga,1,24/02/2021,H,FC Barcelona,Elche CF,03:00,CF,48,01:00,Left-footed shot,Martin Braithwaite
20/21,LaLiga,1,24/02/2021,H,FC Barcelona,Elche CF,03:00,CF,68,02:00,Left-footed shot,Frenkie de Jong
20/21,LaLiga,25,27/02/2021,A,FC Barcelona,Sevilla FC,00:02,CF,85,00:02,Right-footed shot,Ilaix Moriba
20/21,UEFA Champions League,last 16,10/03/2021,A,FC Barcelona,Paris Saint-Germain,01:01,SS,37,01:01,Long distance kick,Pedri
20/21,LaLiga,27,15/03/2021,H,FC Barcelona,SD Huesca,04:01,SS,13,01:00,Left-footed shot,Sergio Busquets
20/21,LaLiga,27,15/03/2021,H,FC Barcelona,SD Huesca,04:01,SS,90,04:01,Left-footed shot,Francisco Trincao
20/21,LaLiga,28,21/03/2021,A,FC Barcelona,Real Sociedad,01:06,SS,56,00:04,Left-footed shot,Sergio Busquets
20/21,LaLiga,28,21/03/2021,A,FC Barcelona,Real Sociedad,01:06,SS,89,01:06,Left-footed shot,Jordi Alba
20/21,Copa del Rey,Final,17/04/2021,A,FC Barcelona,Athletic Bilbao,00:04,CF,68,00:03,Left-footed shot,Frenkie de Jong
20/21,Copa del Rey,Final,17/04/2021,A,FC Barcelona,Athletic Bilbao,00:04,CF,72,00:04,Left-footed shot,Jordi Alba
20/21,LaLiga,31,22/04/2021,H,FC Barcelona,Getafe CF,05:02,CF,8,01:00,Left-footed shot,Sergio Busquets
20/21,LaLiga,31,22/04/2021,H,FC Barcelona,Getafe CF,05:02,CF,33,03:01,Left-footed shot,
20/21,LaLiga,33,29/04/2021,H,FC Barcelona,Granada CF,01:02,CF,23,01:00,Left-footed shot,Antoine Griezmann
20/21,LaLiga,34,02/05/2021,A,FC Barcelona,Valencia CF,02:03,CF,57,01:01,Left-footed shot,
20/21,LaLiga,34,02/05/2021,A,FC Barcelona,Valencia CF,02:03,CF,69,01:03,Direct free kick,
20/21,LaLiga,36,11/05/2021,A,FC Barcelona,Levante UD,03:03,SS,25,00:01,Left-footed shot,
20/21,LaLiga,37,16/05/2021,H,FC Barcelona,Celta de Vigo,01:02,SS,28,01:00,Header,Sergio Busquets
21/22,UEFA Champions League,Group Stage,28/09/2021,H,Paris Saint-Germain,Manchester City,02:00,RW,74,02:00,Left-footed shot,Kylian Mbappe
21/22,UEFA Champions League,Group Stage,19/10/2021,H,Paris Saint-Germain,RB Leipzig,03:02,RW,67,02:02,Left-footed shot,Kylian Mbappe
21/22,UEFA Champions League,Group Stage,19/10/2021,H,Paris Saint-Germain,RB Leipzig,03:02,RW,74,03:02,Penalty,
21/22,Ligue 1,14,20/11/2021,H,Paris Saint-Germain,FC Nantes,03:01,RW,87,03:01,Left-footed shot,Kylian Mbappe
21/22,UEFA Champions League,Group Stage,07/12/2021,H,Paris Saint-Germain,Club Brugge KV,04:01,CF,38,03:00,Left-footed shot,Kylian Mbappe
21/22,UEFA Champions League,Group Stage,07/12/2021,H,Paris Saint-Germain,Club Brugge KV,04:01,CF,76,04:01,Penalty,
21/22,Ligue 1,23,06/02/2022,A,Paris Saint-Germain,LOSC Lille,01:05,CF,38,01:03,Left-footed shot,
21/22,Ligue 1,30,03/04/2022,H,Paris Saint-Germain,FC Lorient,05:01,RW,73,04:01,Left-footed shot,Kylian Mbappe
21/22,Ligue 1,34,23/04/2022,H,Paris Saint-Germain,RC Lens,01:01,RW,68,01:00,Left-footed shot,Neymar
21/22,Ligue 1,37,14/05/2022,A,Paris Saint-Germain,Montpellier,00:04,CF,6,00:01,Left-footed shot,Kylian Mbappe
21/22,Ligue 1,37,14/05/2022,A,Paris Saint-Germain,Montpellier,00:04,CF,20,00:02,Left-footed shot,Kylian Mbappe
21/22,Trophée des Champions,Final,31/07/2022,H,Paris Saint-Germain,FC Nantes,04:00,CF,22,01:00,Right-footed shot,
21/22,Ligue 1,1,06/08/2022,A,Paris Saint-Germain,Clermont Foot,00:05,CF,80,00:04,Left-footed shot,Neymar
21/22,Ligue 1,1,06/08/2022,A,Paris Saint-Germain,Clermont Foot,00:05,CF,86,00:05,Left-footed shot,Leandro Paredes
22/23,Troph�e des Champions,Final,31/07/2022,H,Paris Saint-Germain,FC Nantes,04:00,CF,22,01:00,Right-footed shot,
22/23,Ligue 1,1,06/08/2022,A,Paris Saint-Germain,Clermont Foot,00:05,CF,80,00:04,Left-footed shot,Neymar
22/23,Ligue 1,1,06/08/2022,A,Paris Saint-Germain,Clermont Foot,00:05,CF,86,00:05,Left-footed shot,Leandro Paredes
22/23,Ligue 1,3,21/08/2022,A,Paris Saint-Germain,LOSC Lille,01:07,AM,27,00:02,Right-footed shot,Nuno Mendes
22/23,Champions League,Group Stage,14/09/2022,A,Paris Saint-Germain,Maccabi Haifa,01:03,SS,37,01:01,Left-footed shot,
22/23,Ligue 1,8,18/09/2022,A,Paris Saint-Germain,Olympique Lyon,00:01,AM,5,00:01,Left-footed shot,Neymar
22/23,Ligue 1,9,01/10/2022,H,Paris Saint-Germain,OGC Nice,2:1,AM,28,1:0,Direct free kick,
22/23,UEFA Champions League,Group Stage,05/10/2022,A,Paris Saint-Germain,SL Benfica,1:1,AM,22,0:1,Left-footed shot,Neymar
22/23,Ligue 1,12,21/10/2022,A,Paris Saint-Germain,AC Ajaccio,0:3,CF,78,0:2,Left-footed shot,Kylian Mbappe
22/23,UEFA Champions League,Group Stage,25/10/2022,H,Paris Saint-Germain,Maccabi Haifa,7:2,SS,19,1:0,Left-footed shot,Kylian Mbappe
22/23,UEFA Champions League,Group Stage,25/10/2022,H,Paris Saint-Germain,Maccabi Haifa,7:2,SS,44,4:1,Left-footed shot,Kylian Mbappe
22/23,Ligue 1,13,29/10/2022,H,Paris Saint-Germain,ESTAC Troyes,4:3,RW,55,2:2,Left-footed shot,Sergio Ramos
22/23,Ligue 1,18,11/01/2023,H,Paris Saint-Germain,Angers SCO,2:0,AM,72,2:0,Right-footed shot,Nordi Mukiele
22/23,Ligue 1,21,01/02/2023,A,Paris Saint-Germain,Montpellier HSC,1:3,SS,72,0:2,Left-footed shot,Fabián Ruiz
22/23,Ligue 1,22,04/02/2023,H,Paris Saint-Germain,FC Toulouse,2:1,SS,58,2:1,Left-footed shot,Achraf Hakimi
22/23,Ligue 1,24,19/02/2023,H,Paris Saint-Germain,LOSC Lille,4:3,CF,90+5,4:3,Direct free kick,
22/23,Ligue 1,25,26/02/2023,A,Paris Saint-Germain,Olympique Marseille,0:3,CF,29,0:2,Right-footed shot,Kylian Mbappe
22/23,Ligue 1,26,04/03/2023,H,Paris Saint-Germain,FC Nantes,4:2,CF,12,1:0,Left-footed shot,